Track name,Artist name,Album,Playlist name,Type,ISRC,Apple - id
"Hymn of the Birds","Nerd Connection","Hymn of the Birds - Single","너드커넥션","Playlist","KRZ291820537","1723306933"
"대나무숲","Nerd Connection","대나무숲 - Single","너드커넥션","Playlist","KRMIM1903857","1736914238"
"Waterfall","Nerd Connection","TOO FAST - EP","너드커넥션","Playlist","KRMIM1919311","1716865704"
"Marion","Nerd Connection","TOO FAST - EP","너드커넥션","Playlist","KRMIM1919312","1716865705"
"V","Nerd Connection","TOO FAST - EP","너드커넥션","Playlist","KRMIM1919313","1716865706"
"Interlude","Nerd Connection","TOO FAST - EP","너드커넥션","Playlist","KRMIM1919314","1716865707"
"Castel","Nerd Connection","TOO FAST - EP","너드커넥션","Playlist","KRMIM1919315","1716865708"
"Where are we","Nerd Connection","TOO FAST - EP","너드커넥션","Playlist","KRMIM1919316","1716865709"
"좋은 밤 좋은 꿈","Nerd Connection","좋은 밤 좋은 꿈 - Single","너드커넥션","Playlist","KRMIM2004811","1738889871"
"Back in Time","Nerd Connection","Back in Time - Single","너드커넥션","Playlist","USA2P2038027","1712637722"
"진눈깨비","Nerd Connection","진눈깨비 - Single","너드커넥션","Playlist","KRMIM2100398","1725964719"
"걸어갈래요","Nerd Connection","걸어갈래요 - Single","너드커넥션","Playlist","KRMIM2107163","1736914854"
"두려울뿐야","Nerd Connection","두려울뿐야 - Single","너드커넥션","Playlist","KRB472100913","1570599751"
"21st Century Kingdom","Nerd Connection","New Century Masterpiece Cinema","너드커넥션","Playlist","KRB472102071","1592057287"
"Hollywood Movie Star","Nerd Connection","New Century Masterpiece Cinema","너드커넥션","Playlist","KRB472102072","1592057288"
"29","Nerd Connection","New Century Masterpiece Cinema","너드커넥션","Playlist","KRB472102073","1592057289"
"Behind the Trees","Nerd Connection","New Century Masterpiece Cinema","너드커넥션","Playlist","KRB472102074","1592057290"
"SUPERNOVA!","Nerd Connection","New Century Masterpiece Cinema","너드커넥션","Playlist","KRB472102075","1592057291"
"항성통신","Nerd Connection","New Century Masterpiece Cinema","너드커넥션","Playlist","KRB472102076","1592057292"
"우린 노래가 될까","Nerd Connection","New Century Masterpiece Cinema","너드커넥션","Playlist","KRB472102077","1592057293"
"Snowman in a Bathtub","Nerd Connection","New Century Masterpiece Cinema","너드커넥션","Playlist","KRB472102078","1592057294"
"Green Fields","Nerd Connection","New Century Masterpiece Cinema","너드커넥션","Playlist","KRB472102079","1592057295"
"Odds","Nerd Connection","New Century Masterpiece Cinema","너드커넥션","Playlist","KRB472102080","1592057296"
"Life Dancing","Nerd Connection","New Century Masterpiece Cinema","너드커넥션","Playlist","KRMIM2130748","1592057297"
"조용히 완전히 영원히","Nerd Connection","New Century Masterpiece Cinema","너드커넥션","Playlist","KRB472102081","1592057298"
"버들길","Nerd Connection","버들길 - Single","너드커넥션","Playlist","KRMIM2221180","1628230067"
"파블로","Nerd Connection","파블로 - Single","너드커넥션","Playlist","KRB472201537","1643102995"
"그 또한 우리 사랑","Nerd Connection","그 또한 우리 사랑 - Single","너드커넥션","Playlist","KRB472202477","1661495713"
"그대만 있다면 (영화 '여름날 우리')","Nerd Connection","그대만 있다면 (영화 '여름날 우리') - Single","너드커넥션","Playlist","KRA382320028","1702792482"
"Planet Earth","Nerd Connection","설명하기 어려운 것들 - EP","너드커넥션","Playlist","KRA382320648","1706970026"
"Stand Up","Nerd Connection","설명하기 어려운 것들 - EP","너드커넥션","Playlist","KRA382320649","1706970027"
"Hi, Drunk!","Nerd Connection","설명하기 어려운 것들 - EP","너드커넥션","Playlist","KRA382320650","1706970028"
"I Robbed a Bank (2023 Remastered ver.)","Nerd Connection","설명하기 어려운 것들 - EP","너드커넥션","Playlist","KRA382320651","1706970029"
"여전히 이곳에","Nerd Connection","설명하기 어려운 것들 - EP","너드커넥션","Playlist","KRA382320652","1706970030"
"그림자 놀이","Nerd Connection","그래도 우리는","너드커넥션","Playlist","KRA382404833","1761791050"
"Psychiatric Hospital","Nerd Connection","그래도 우리는","너드커넥션","Playlist","KRA382404834","1761791051"
"headshrinker","Nerd Connection","그래도 우리는","너드커넥션","Playlist","KRA382404835","1761791052"
"CASH","Nerd Connection","그래도 우리는","너드커넥션","Playlist","KRA382404836","1761791053"
"Losing Myself","Nerd Connection","그래도 우리는","너드커넥션","Playlist","KRA382403885","1761791054"
"무너진 땅 위에서","Nerd Connection","그래도 우리는","너드커넥션","Playlist","KRA382404837","1761791055"
"사랑을 닮은 이유로","Nerd Connection","그래도 우리는","너드커넥션","Playlist","KRA382404838","1761791056"
"꽉 잡아","Nerd Connection","그래도 우리는","너드커넥션","Playlist","KRA382404839","1761791057"
"She","Nerd Connection","그래도 우리는","너드커넥션","Playlist","KRA382404840","1761791058"
"Freddy","Nerd Connection","그래도 우리는","너드커넥션","Playlist","KRA382404841","1761791419"
"Clown","Nerd Connection","그래도 우리는","너드커넥션","Playlist","KRA382404842","1761791420"
"가장 높은 인연","Nerd Connection","그래도 우리는","너드커넥션","Playlist","KRA382404843","1761791421"
"행운을 빌어","Nerd Connection","그래도 우리는","너드커넥션","Playlist","KRA382404844","1761791422"
"딱 네 잔 (Bonus Track)","Nerd Connection","그래도 우리는","너드커넥션","Playlist","KRA382404845","1761791423"
"Cliché","Nerd Connection","Cliché - Single","너드커넥션","Playlist","KRA382506678","1852383737"
"夏陰、ピアノを弾く","요루시카","夏草が邪魔をする","요루시카","Playlist","JPA651703788","1648882048"
"カトレア","요루시카","夏草が邪魔をする","요루시카","Playlist","JPA651703789","1648882052"
"言って。","요루시카","夏草が邪魔をする","요루시카","Playlist","JPA651703790","1648882055"
"あの夏に咲け","요루시카","夏草が邪魔をする","요루시카","Playlist","JPA651703791","1648882056"
"飛行","요루시카","夏草が邪魔をする","요루시카","Playlist","JPA651703792","1648882062"
"靴の花火","요루시카","夏草が邪魔をする","요루시카","Playlist","JPA651703793","1648882337"
"雲と幽霊","요루시카","夏草が邪魔をする","요루시카","Playlist","JPA651703794","1648882342"
"前世","요루시카","負け犬にアンコールはいらない","요루시카","Playlist","JPA651804018","1648875815"
"負け犬にアンコールはいらない","요루시카","負け犬にアンコールはいらない","요루시카","Playlist","JPA651804019","1648875825"
"爆弾魔","요루시카","負け犬にアンコールはいらない","요루시카","Playlist","JPA651804020","1648876075"
"ヒッチコック","요루시카","負け犬にアンコールはいらない","요루시카","Playlist","JPA651804021","1648876084"
"落下","요루시카","負け犬にアンコールはいらない","요루시카","Playlist","JPA651804022","1648876307"
"準透明少年","요루시카","負け犬にアンコールはいらない","요루시카","Playlist","JPA651804023","1648876321"
"ただ君に晴れ","요루시카","負け犬にアンコールはいらない","요루시카","Playlist","JPA651804024","1648876333"
"冬眠","요루시카","負け犬にアンコールはいらない","요루시카","Playlist","JPA651804025","1648876492"
"夏、バス停、君を待つ","요루시카","負け犬にアンコールはいらない","요루시카","Playlist","JPA651804026","1648876499"
"8/31","요루시카","だから僕は音楽を辞めた","요루시카","Playlist","JPA651904573","1648876457"
"藍二乗","요루시카","だから僕は音楽を辞めた","요루시카","Playlist","JPA651804340","1648876468"
"八月、某、月明かり","요루시카","だから僕は音楽を辞めた","요루시카","Playlist","JPA651904574","1648876473"
"詩書きとコーヒー","요루시카","だから僕は音楽を辞めた","요루시카","Playlist","JPA651904575","1648876485"
"7/13","요루시카","だから僕は音楽を辞めた","요루시카","Playlist","JPA651904576","1648876734"
"踊ろうぜ","요루시카","だから僕は音楽を辞めた","요루시카","Playlist","JPA651904577","1648876743"
"六月は雨上がりの街を書く","요루시카","だから僕は音楽を辞めた","요루시카","Playlist","JPA651904578","1648876753"
"五月は花緑青の窓辺から","요루시카","だから僕は音楽を辞めた","요루시카","Playlist","JPA651904579","1648877033"
"夜紛い","요루시카","だから僕は音楽を辞めた","요루시카","Playlist","JPA651904580","1648877043"
"5/6","요루시카","だから僕は音楽を辞めた","요루시카","Playlist","JPA651904581","1648877052"
"パレード","요루시카","だから僕は音楽を辞めた","요루시카","Playlist","JPA651904582","1648877301"
"エルマ","요루시카","だから僕は音楽を辞めた","요루시카","Playlist","JPA651904583","1648877308"
"4/10","요루시카","だから僕は音楽を辞めた","요루시카","Playlist","JPA651904584","1648877316"
"だから僕は音楽を辞めた","요루시카","だから僕は音楽を辞めた","요루시카","Playlist","JPA651904585","1648877323"
"Train Window","요루시카","Elma","요루시카","Playlist","JPPO01902971","1474061931"
"Only Sorrow","요루시카","Elma","요루시카","Playlist","JPPO01902972","1474061935"
"Evening Calm, Somewhere, Fireworks","요루시카","Elma","요루시카","Playlist","JPPO01902973","1474062329"
"Rain with Cappuccino","요루시카","Elma","요루시카","Playlist","JPPO01902974","1474062330"
"Lakeside Town","요루시카","Elma","요루시카","Playlist","JPPO01902975","1474062332"
"Dance of You","요루시카","Elma","요루시카","Playlist","JPPO01902976","1474062334"
"After the Rain","요루시카","Elma","요루시카","Playlist","JPPO01902977","1474062339"
"Walk","요루시카","Elma","요루시카","Playlist","JPPO01902978","1474062340"
"Hole in the Heart","요루시카","Elma","요루시카","Playlist","JPPO01902577","1474062342"
"Church in the Forest","요루시카","Elma","요루시카","Playlist","JPPO01902979","1474062389"
"Voice","요루시카","Elma","요루시카","Playlist","JPPO01902980","1474062397"
"Amy","요루시카","Elma","요루시카","Playlist","JPPO01902981","1474062398"
"Seabed,Moonlight","요루시카","Elma","요루시카","Playlist","JPPO01902982","1474062402"
"Nautilus","요루시카","Elma","요루시카","Playlist","JPPO01902983","1474062410"
"Make-up Shadow","요루시카","Inoue Yosui Tribute","요루시카","Playlist","JPPO01904456","1488299770"
"Confession Of Plagiarist","요루시카","Plagiarism","요루시카","Playlist","JPPO02001729","1519740113"
"Burglar","요루시카","Plagiarism","요루시카","Playlist","JPPO02001730","1519740120"
"Prostitution","요루시카","Plagiarism","요루시카","Playlist","JPPO02001467","1519740122"
"Bomber (Re-Recording)","요루시카","Plagiarism","요루시카","Playlist","JPPO02001731","1519740247"
"Adolescent, Burglar","요루시카","Plagiarism","요루시카","Playlist","JPPO02001732","1519740248"
"Replicant","요루시카","Plagiarism","요루시카","Playlist","JPPO02001733","1519740249"
"Thoughtcrime","요루시카","Plagiarism","요루시카","Playlist","JPPO02001698","1519740257"
"Flower And Badger Game","요루시카","Plagiarism","요루시카","Playlist","JPPO02001734","1519740251"
"Middle Age, Plagiarist","요루시카","Plagiarism","요루시카","Playlist","JPPO02001735","1519740253"
"Plagiarism","요루시카","Plagiarism","요루시카","Playlist","JPPO02001736","1519740256"
"Escape","요루시카","Plagiarism","요루시카","Playlist","JPPO02001737","1519740259"
"Childhood, In Memories","요루시카","Plagiarism","요루시카","Playlist","JPPO02001738","1519740261"
"Night Journey","요루시카","Plagiarism","요루시카","Playlist","JPPO02000003","1519740263"
"Ghost In A Flower","요루시카","Plagiarism","요루시카","Playlist","JPPO02001032","1519740266"
"Robber And Bouquet","요루시카","Creation - EP","요루시카","Playlist","JPPO02004290","1546186121"
"Spring Thief","요루시카","Creation - EP","요루시카","Playlist","JPPO02004291","1546186122"
"Creation","요루시카","Creation - EP","요루시카","Playlist","JPPO02004292","1546186123"
"Eat the wind","요루시카","Creation - EP","요루시카","Playlist","JPPO02002997","1546186124"
"Liar","요루시카","Creation - EP","요루시카","Playlist","JPPO02001548","1546186126"
"Telepath","요루시카","Telepath - Single","요루시카","Playlist","JPPO02205009","1660547756"
"Portrait of Summer","요루시카","Magic Lantern","요루시카","Playlist","JPPO02300695","6781645644"
"Miyakoochi","요루시카","Magic Lantern","요루시카","Playlist","","1678418024"
"Bremen","요루시카","Magic Lantern","요루시카","Playlist","","1678418305"
"Chinokate","요루시카","Magic Lantern","요루시카","Playlist","","1678418307"
"Snow Country","요루시카","Magic Lantern","요루시카","Playlist","JPPO02300697","6781645654"
"Howl At The Moon","요루시카","Magic Lantern","요루시카","Playlist","","1678418309"
"451","요루시카","Magic Lantern","요루시카","Playlist","","1678418312"
"Pas de Deux","요루시카","Magic Lantern","요루시카","Playlist","JPPO02300698","6781645777"
"Matasaburo","요루시카","Magic Lantern","요루시카","Playlist","","1678418315"
"Fireworks of shoes (Re-Recording)","요루시카","Magic Lantern","요루시카","Playlist","JPPO02300699","6781645781"
"The Old Man and the Sea","요루시카","Magic Lantern","요루시카","Playlist","","1678418324"
"Goodbye Molten","요루시카","Magic Lantern","요루시카","Playlist","JPPO02300700","6781645783"
"Whale","요루시카","Magic Lantern","요루시카","Playlist","JPPO02300701","6781645787"
"Left-Right Confusion","요루시카","Magic Lantern","요루시카","Playlist","","1678418325"
"Algernon","요루시카","Magic Lantern","요루시카","Playlist","","1678418569"
"The First Night","요루시카","Magic Lantern","요루시카","Playlist","","1678418574"
"The Second Night","요루시카","Magic Lantern","요루시카","Playlist","JPPO02300703","6781645793"
"The Third Night","요루시카","Magic Lantern","요루시카","Playlist","JPPO02300704","6781645794"
"The Fourth Night","요루시카","Magic Lantern","요루시카","Playlist","JPPO02300705","6781645795"
"The Fifth Night","요루시카","Magic Lantern","요루시카","Playlist","JPPO02300706","6781645797"
"The Sixth Night","요루시카","Magic Lantern","요루시카","Playlist","JPPO02300707","6781645799"
"The Seventh Night","요루시카","Magic Lantern","요루시카","Playlist","JPPO02300708","6781645800"
"The Eighth Night","요루시카","Magic Lantern","요루시카","Playlist","JPPO02300709","6781645803"
"The Ninth Night","요루시카","Magic Lantern","요루시카","Playlist","JPPO02300710","6781645805"
"The Tenth Night","요루시카","Magic Lantern","요루시카","Playlist","JPPO02300711","6781645986"
"Setting Sun","요루시카","Setting Sun - Single","요루시카","Playlist","JPPO02301095","1684164654"
"Yu, Sansan","요루시카","Yu, Sansan - Single","요루시카","Playlist","JPPO02404004","1763788608"
"Darma Grand Prix","요루시카","Darma Grand Prix - Single","요루시카","Playlist","JPPO02504063","1851386710"
"Madder","요루시카","Madder - Single","요루시카","Playlist","JPPO02504722","1869557604"
"Early morning, mailbox","요루시카","second person","요루시카","Playlist","JPPO02600138","1876728642"
"Become a cloud","요루시카","second person","요루시카","Playlist","JPPO02600143","1876728645"
"The flowers are also noisy","요루시카","second person","요루시카","Playlist","JPPO02600147","1876728646"
"Plover","요루시카","second person","요루시카","Playlist","JPPO02600145","1876728685"
"Devilishness","요루시카","second person","요루시카","Playlist","JPPO02600148","1876728647"
"Play Sick","요루시카","second person","요루시카","Playlist","JPPO02504413","1876728648"
"Post spring","요루시카","second person","요루시카","Playlist","JPPO02600149","1876728649"
"Sun","요루시카","second person","요루시카","Playlist","JPPO02405010","1876728650"
"Sunny","요루시카","second person","요루시카","Playlist","JPPO02304150","1876728651"
"Forget it","요루시카","second person","요루시카","Playlist","JPPO02403065","1876728652"
"Shura","요루시카","second person","요루시카","Playlist","JPPO02502207","1876728653"
"Martian","요루시카","second person","요루시카","Playlist","JPPO02500982","1876728655"
"Rubato","요루시카","second person","요루시카","Playlist","JPPO02400612","1876728658"
"Cremation","요루시카","second person","요루시카","Playlist","JPPO02600140","1876728673"
"Aporia","요루시카","second person","요루시카","Playlist","JPPO02404516","1876728676"
"Snake","요루시카","second person","요루시카","Playlist","JPPO02405696","1876728678"
"Groan","요루시카","second person","요루시카","Playlist","JPPO02600139","1876728679"
"Woodpecker","요루시카","second person","요루시카","Playlist","JPPO02600142","1876728680"
"Hitchcock (Re-Recording)","요루시카","second person","요루시카","Playlist","JPPO02600141","1876728683"
"Moonbath","요루시카","second person","요루시카","Playlist","JPPO02302380","1876728684"
"Paddle","요루시카","second person","요루시카","Playlist","JPPO02600144","1876728686"
"To the sea","요루시카","second person","요루시카","Playlist","JPPO02600146","1876728687"
"Bubble","요루시카","Bubble - Single","요루시카","Playlist","JPPO02601177","1889425904"
"Byoushinwo Kamu","ZUTOMAYO","Byoushinwo Kamu - Single","즛토마요","Playlist","JPPO01804003","1428083880"
"Humanoid","ZUTOMAYO","Tadashii Itsuwarikarano Kishou - EP","즛토마요","Playlist","JPPO01805179","1440134014"
"Saturn","ZUTOMAYO","Tadashii Itsuwarikarano Kishou - EP","즛토마요","Playlist","JPPO01805180","1440134053"
"Uni To Kuri","ZUTOMAYO","Tadashii Itsuwarikarano Kishou - EP","즛토마요","Playlist","JPPO01805181","1440134057"
"Nouriueno Cracker","ZUTOMAYO","Hisohiso Banashi","즛토마요","Playlist","JPPO01805158","1481464099"
"Kimigaite Mizuninaru","ZUTOMAYO","Tadashii Itsuwarikarano Kishou - EP","즛토마요","Playlist","JPPO01805182","1440134065"
"Kan Saete Kuyashiiwa","ZUTOMAYO","Imawa Imade Chikaiwa Emide - EP","즛토마요","Playlist","JPPO01901535","1464108341"
"Seigi","ZUTOMAYO","Seigi - Single","즛토마요","Playlist","JPPO01901735","1462837857"
"Matane Maboroshi","ZUTOMAYO","Imawa Imade Chikaiwa Emide - EP","즛토마요","Playlist","JPPO01901846","1464108347"
"Minority Myakuraku","ZUTOMAYO","Imawa Imade Chikaiwa Emide - EP","즛토마요","Playlist","JPPO01901847","1464108351"
"Samayoi Yoi Ondo","ZUTOMAYO","Imawa Imade Chikaiwa Emide - EP","즛토마요","Playlist","JPPO01901848","1464108354"
"Mabushii DNA Dake","ZUTOMAYO","Mabushii DNA Dake - Single","즛토마요","Playlist","JPPO01900212","1452721879"
"Inemuri Enseitai","ZUTOMAYO","Hisohiso Banashi","즛토마요","Playlist","JPPO01903828","1481464102"
"Haze Haseru Haterumade","ZUTOMAYO","Hisohiso Banashi","즛토마요","Playlist","JPPO01903829","1481464103"
"Kettobashita Moufu","ZUTOMAYO","Hisohiso Banashi","즛토마요","Playlist","JPPO01903830","1481464105"
"Dear. Mr""F""","ZUTOMAYO","Hisohiso Banashi","즛토마요","Playlist","JPPO01903831","1481464168"
"Konnakoto Soudou","ZUTOMAYO","Hisohiso Banashi","즛토마요","Playlist","JPPO01903832","1481464169"
"Glass to Rum Raisin","ZUTOMAYO","Hisohiso Banashi","즛토마요","Playlist","JPPO01903833","1481464172"
"Yasashiku Last Smile","ZUTOMAYO","Hisohiso Banashi","즛토마요","Playlist","JPPO01903834","1481464175"
"Fastening","ZUTOMAYO","Hogarakana Hifutote Fufuku - EP","즛토마요","Playlist","JPPO02001850","1522244019"
"Obenkyou Shitoiteyo","ZUTOMAYO","Obenkyou Shitoiteyo - Single","즛토마요","Playlist","JPPO02001468","1511078938"
"Ham","ZUTOMAYO","Hogarakana Hifutote Fufuku - EP","즛토마요","Playlist","JPPO02001851","1522244022"
"JK Bomber","ZUTOMAYO","Hogarakana Hifutote Fufuku - EP","즛토마요","Playlist","JPPO02001852","1522244024"
"Marine Blue Garden","ZUTOMAYO","Hogarakana Hifutote Fufuku - EP","즛토마요","Playlist","JPPO02001853","1522244025"
"Milabo","ZUTOMAYO","Hogarakana Hifutote Fufuku - EP","즛토마요","Playlist","JPPO02001854","1522244028"
"One's Mind","ZUTOMAYO","Gusare","즛토마요","Playlist","JPPO02100040","1548835885"
"Can't Be Right","ZUTOMAYO","Can't Be Right - Single","즛토마요","Playlist","JPPO02003594","1543162548"
"Hunch Gray","ZUTOMAYO","Hunch Gray - Single","즛토마요","Playlist","JPPO02003593","1540258079"
"Have A","ZUTOMAYO","Gusare","즛토마요","Playlist","JPPO02100041","1548835891"
"Engine Oil","ZUTOMAYO","Gusare","즛토마요","Playlist","JPPO02100042","1548835894"
"Darken","ZUTOMAYO","Darken - Single","즛토마요","Playlist","JPPO02003592","1536572613"
"Loneliness","ZUTOMAYO","Gusare","즛토마요","Playlist","JPPO02100043","1548835934"
"Crop","ZUTOMAYO","Gusare","즛토마요","Playlist","JPPO02100044","1548835937"
"Hypersomnia","ZUTOMAYO","Gusare","즛토마요","Playlist","JPPO02100045","1548835938"
"Inner Heart","ZUTOMAYO","Gusare","즛토마요","Playlist","JPPO02100046","1548835940"
"Flow Different","ZUTOMAYO","Nobi Shigusa Korite Itomagoi - EP","즛토마요","Playlist","JPPO02200053","1607082972"
"袖のキルト","ZUTOMAYO","沈香学","즛토마요","Playlist","JPPO02200054","1688968786"
"Inside Joke","ZUTOMAYO","Inside Joke - Single","즛토마요","Playlist","JPPO02101873","1570795403"
"Neko Reset","ZUTOMAYO","Neko Reset - Single","즛토마요","Playlist","JPPO02104528","1596281571"
"Kisumi at Midnight","ZUTOMAYO","Nobi Shigusa Korite Itomagoi - EP","즛토마요","Playlist","JPPO02200055","1607082994"
"Stay Foolish","ZUTOMAYO","Stay Foolish - Single","즛토마요","Playlist","JPPO02102165","1573520803"
"花一匁","ZUTOMAYO","沈香学","즛토마요","Playlist","JPPO02301433","1688968528"
"Time Left","ZUTOMAYO","Time Left - Single","즛토마요","Playlist","JPPO02203871","1649264715"
"Kira Killer (feat. Mori Calliope)","ZUTOMAYO","Kira Killer (feat. Mori Calliope) - Single","즛토마요","Playlist","JPPO02204831","1657388658"
"馴れ合いサーブ","ZUTOMAYO","沈香学","즛토마요","Playlist","JPPO02301434","1688968539"
"夏枯れ","ZUTOMAYO","沈香学","즛토마요","Playlist","JPPO02203089","1688968545"
"INTRUSION","ZUTOMAYO","INTRUSION - Single","즛토마요","Playlist","JPPO02300963","1686875513"
"消えてしまいそうです","ZUTOMAYO","沈香学","즛토마요","Playlist","JPPO02203088","1688968789"
"ミラーチューン","ZUTOMAYO","沈香学","즛토마요","Playlist","JPPO02201065","1688968790"
"上辺の私自身なんだよ","ZUTOMAYO","沈香学","즛토마요","Playlist","JPPO02301435","1688968791"
"KOKE","ZUTOMAYO","Koke no ichinen Kaiba ni takusu - EP","즛토마요","Playlist","JPPO02404476","1770242094"
"TAIDADA","ZUTOMAYO","Koke no ichinen Kaiba ni takusu - EP","즛토마요","Playlist","JPPO02404477","1770242096"
"KUZURI","ZUTOMAYO","Koke no ichinen Kaiba ni takusu - EP","즛토마요","Playlist","JPPO02404478","1770242097"
"Hippocampal Pain","ZUTOMAYO","Hippocampal Pain - Single","즛토마요","Playlist","JPPO02403852","1763157329"
"Truth In Lies","ZUTOMAYO","Truth In Lies - Single","즛토마요","Playlist","JPPO02401208","1746027609"
"Blues in the Closet","ZUTOMAYO","Blues in the Closet - Single","즛토마요","Playlist","JPPO02401209","1748771429"
"SHADE","ZUTOMAYO","SHADE - Single","즛토마요","Playlist","JPPO02406152","1790588889"
"Warmthaholic","ZUTOMAYO","Warmthaholic - Single","즛토마요","Playlist","JPPO02501011","1806044918"
"CREAM","ZUTOMAYO","CREAM - Single","즛토마요","Playlist","JPPO02501554","1813833251"
"Yushinron","ZUTOMAYO","Yushinron - Single","즛토마요","Playlist","JPPO02504144","1851385244"
"This Planet Feels Fake","ZUTOMAYO","KEISOUDO","즛토마요","Playlist","JPPO02600585","1881610509"
"残機","ZUTOMAYO","沈香学","즛토마요","Playlist","JPPO02203871","1688968529"
"Medianoche","ZUTOMAYO","Medianoche - Single","즛토마요","Playlist","JPPO02600041","1869186104"
"Kani Shabu Funk","ZUTOMAYO","KEISOUDO","즛토마요","Playlist","JPPO02600589","1881610633"
"Pain Give Form","ZUTOMAYO","Pain Give Form - Single","즛토마요","Playlist","JPPO02501793","1817596288"
"ultra soul","ZUTOMAYO","KEISOUDO","즛토마요","Playlist","JPPO02600595","1881610738"
"Learning How Not to Break","ZUTOMAYO","KEISOUDO","즛토마요","Playlist","JPPO02600596","1881610741"
"antimony","ZUTOMAYO","KEISOUDO","즛토마요","Playlist","JPPO02600598","1881610746"
"yomosugara","ZUTOMAYO","KEISOUDO","즛토마요","Playlist","JPPO02600599","1881610749"
"lowmotion algae","ZUTOMAYO","KEISOUDO","즛토마요","Playlist","JPPO02600602","1881610913"
"glory day (Extended Ver.)","BEXTER & Mycin.T","DJMAX RESPECT VERSE.1","DJMAX","Playlist","KRMIM2432959","1746924062"
"BlackCat","BEXTER","DJMAX RESPECT VERSE.1","DJMAX","Playlist","KRMIM2432958","1746924054"
"Boom!","BEXTER","DJMAX RESPECT VERSE.1","DJMAX","Playlist","KRMIM2346090","1746924055"
"Dream it","BEXTER","DJMAX RESPECT VERSE.1","DJMAX","Playlist","KRMIM2346111","1746924057"
"Daydream","BEXTER & SiNA","DJMAX RESPECT VERSE.1","DJMAX","Playlist","KRMIM2346136","1746924058"
"Tic! Tac! Toe!","Rocky Music","DMRV 22FW - EP","DJMAX","Playlist","KRMIM2335954","1677736325"
"DIE IN","탁 & Sobrem","DJMAX RESPECT VERSE.1","DJMAX","Playlist","KRMIM2359397","1746924060"
"glory MAX -나의 최대치로 너와 함께할게-","탁","DJMAX RESPECT VERSE.1","DJMAX","Playlist","KRMM02300480","1746924061"
"Final Hour (Full Ver.)","Pure 100%","DMRV 24SS","DJMAX","Playlist","KRMIM2442982","1754275605"
"Kakera","CLTH(이태훈)","V LIBERTY 2 (Original Soundtrack)","DJMAX","Playlist","KRMIM2475376","1786286839"
"Checkmate (feat. Re.may)","ned & PahNic","V LIBERTY 3 (Original Soundtrack)","DJMAX","Playlist","KRMIM2532754","1821405956"
"The Castle of Báthory","Wicked Frontier","V LIBERTY 4 (Original Soundtrack)","DJMAX","Playlist","KRMIM2569080","1862679508"
"Break Out","Night Tempo","V LIBERTY (Original Soundtrack)","DJMAX","Playlist","KRMIM2442937","1754124912"
"때론, 냉정도 필요해 (Full Ver.)","Mycin.T","DMRV 24SS","DJMAX","Playlist","KRMIM2442984","1754275608"
"별빛정원","DJMAX","Djmax Best, Vol. 1 (Original Soundtrack)","DJMAX","Playlist","KRMIM1802771","1547411774"
"별빛너머 (Full ver.)","ned","DMRV23FW","DJMAX","Playlist","KRMM02300482","1720071973"
"Mad (feat. WaMi)","ESAI","V LIBERTY 2 (Original Soundtrack)","DJMAX","Playlist","KRMIM2475381","1786286845"
"Carrot Carrot","Sobrem","V EXTENSION V (Original Soundtrack)","DJMAX","Playlist","KRMM02304750","1720124007"
"Away","Sobrem","V LIBERTY (Original Soundtrack)","DJMAX","Playlist","KRMIM2442944","1754125040"
"1! 2! 3! 4! Streaming rn CHU!","Sobrem","V LIBERTY 2 (Original Soundtrack)","DJMAX","Playlist","KRMIM2475377","1786286841"
"Crazy (feat. Yina)","chomin","V LIBERTY 4 (Original Soundtrack)","DJMAX","Playlist","KRMIM2569084","1862679842"
"평행고백","BEXTER","V LIBERTY (Original Soundtrack)","DJMAX","Playlist","KRMIM2427333","1754125045"
"Love, Epilogue (Feat. mill)","최신엽","V LIBERTY 3 (Original Soundtrack)","DJMAX","Playlist","KRMIM2532757","1821405959"
"DJ조선 (feat. 이오몽, 판다랑)","CLTH(이태훈)","V LIBERTY 3 (Original Soundtrack)","DJMAX","Playlist","KRMIM2532755","1821405957"
"Final Round (Extended Ver.)","INFX & 머신투더문","V LIBERTY (Original Soundtrack)","DJMAX","Playlist","KRMIM2442946","1754125042"
"ECiLA","최신엽","V EXTENSION V (Original Soundtrack)","DJMAX","Playlist","KRMM02304745","1720124000"
"B!G-BANG CHALLENGE","seatrus","V LIBERTY 2 (Original Soundtrack)","DJMAX","Playlist","KRMIM2475395","1786286859"
"Dying","다인","Dying - Single","DJMAX","Playlist","KRMIM2534859","1821634408"
"AWAKE","다인","AWAKE - Single","DJMAX","Playlist","KRMIM2554223","1843326988"
"AURORA","다인","AURORA - Single","DJMAX","Playlist","KRMIM2555005","1849356108"
"No Mercy","다인","No Mercy - Single","DJMAX","Playlist","KRMIM2569106","1862462698"
"Rocket Ride","다인","Rocket Ride - Single","DJMAX","Playlist","KRMIM2618493","1883642628"
"Summer Fling","Pure 100%","V LIBERTY 3 (Original Soundtrack)","DJMAX","Playlist","KRMIM2532760","1821405962"
"KICK IT","HAYAKO","V EXTENSION III (Original Soundtrack)","DJMAX","Playlist","KRMIM2346040","1701991662"
"Pitter-patter","SOPHI","V EXTENSION V (Original Soundtrack)","DJMAX","Playlist","KRMM02304749","1720124005"
"mochimochi","탁","mochimochi - Single","DJMAX","Playlist","QMBZ92414715","1763584221"
"LEMON MELON COOKIE","탁","LEMON MELON COOKIE - Single","DJMAX","Playlist","QMFMF2438530","1786335236"
"PPPP (feat. 初音ミク & 重音テト)","탁","PPPP (feat. 初音ミク & 重音テト) - Single","DJMAX","Playlist","QMFME2515427","1837128829"
"numb numb (feat. Hatsune Miku, Kasane Teto)","탁","numb numb (feat. Hatsune Miku & Kasane Teto) - Single","DJMAX","Playlist","KRMIM2629653","6766820661"
"Rabbit Hole","DECO*27","Rabbit Hole - Single","DJMAX","Playlist","JP92Q2301331","1685142715"
"Cherry Pop","DECO*27","Cherry Pop - Single","DJMAX","Playlist","JP92Q2502426","1822895966"
"Telepathy","DECO*27","Telepathy - Single","DJMAX","Playlist","JP92Q2501790","1794967656"
"Monitoring (Best Friend Remix)","DECO*27","Monitoring (Best Friend Remix) - Single","DJMAX","Playlist","JP92Q2502736","1832605668"
"Constant Moderato","ミツキヨ (미츠키요)","블루 아카이브 1주년 기념 (Original Soundtrack)","DJMAX","Playlist","KRMIM2474652","1779470430"
"Signal of Abydos","Nor","블루 아카이브 1주년 기념 (Original Soundtrack)","DJMAX","Playlist","KRMIM2474664","1779471136"
"Rolling beat","ミツキヨ (미츠키요)","블루 아카이브 1주년 기념 (Original Soundtrack)","DJMAX","Playlist","KRMIM2474670","1779471729"
"Step by Step","KARUT","블루 아카이브 1주년 기념 (Original Soundtrack)","DJMAX","Playlist","KRMIM2474656","1779470448"
"Shooting Stars","KARUT","블루 아카이브 1주년 기념 (Original Soundtrack)","DJMAX","Playlist","KRMIM2474655","1779470442"
"Colorful Mess","KARUT","블루 아카이브 2주년 기념 (Original Game Soundtrack)","DJMAX","Playlist","KRMIM2475093","1779443866"
"Usagi Flap","Nor","블루 아카이브 4주년 기념 (Original Soundtrack)","DJMAX","Playlist","KRMIM2602063","1869503760"
"Up to 21°C","Nor","블루 아카이브 4주년 기념 (Original Soundtrack)","DJMAX","Playlist","KRMIM2602070","1869504053"
"Operation☆DOTABATA!","ミツキヨ (미츠키요)","블루 아카이브 4주년 기념 (Original Soundtrack)","DJMAX","Playlist","KRMIM2602066","1869503773"
"Tok9 Train","Nor","블루 아카이브 4주년 기념 (Original Soundtrack)","DJMAX","Playlist","KRMIM2602074","1869504143"
"Action 68","KARUT","블루 아카이브 4주년 기념 (Original Soundtrack)","DJMAX","Playlist","KRMIM2602083","1869504168"
"Unwelcome School","ミツキヨ (미츠키요)","블루 아카이브 3주년 기념 (Original Soundtrack)","DJMAX","Playlist","KRMIM2478987","1783092896"
"Funky Road","KARUT","블루 아카이브 3주년 기념 (Original Soundtrack)","DJMAX","Playlist","KRMIM2478988","1783092897"
"꿈길 위의 꽃 (Korean Version)","ミツキヨ (미츠키요)","꿈길 위의 꽃 (블루 아카이브) [Original Soundtrack] [Korean Version] - Single","DJMAX","Playlist","KRMIM2468913","1774186887"
"Raise the Huddle","Nor","블루 아카이브 3.5주년 기념 OST (Original Soundtrack)","DJMAX","Playlist","KRMIM2532597","1817103607"
"Shooting Athletes","KARUT","블루 아카이브 3.5주년 기념 OST (Original Soundtrack)","DJMAX","Playlist","KRMIM2532598","1817103608"
"Goal Wo Nerae!","KARUT","블루 아카이브 3.5주년 기념 OST (Original Soundtrack)","DJMAX","Playlist","KRMIM2532599","1817103616"
"Midnight Trip","Nor","블루 아카이브 2.5주년 기념 (Original Soundtrack)","DJMAX","Playlist","KRMIM2475051","1779468022"
"Hifumi Daisuki","ミツキヨ (미츠키요)","블루 아카이브 2.5주년 기념 (Original Soundtrack)","DJMAX","Playlist","KRMIM2475054","1779468040"
"After School Dessert","KARUT","블루 아카이브 2.5주년 기념 (Original Soundtrack)","DJMAX","Playlist","KRMIM2475060","1779468245"
"FEEEEVER TIME","Nor","블루 아카이브 2.5주년 기념 (Original Soundtrack)","DJMAX","Playlist","KRMIM2475061","1779468246"
"Dolce Biblioteca","ミツキヨ (미츠키요)","블루 아카이브 2.5주년 기념 (Original Soundtrack)","DJMAX","Playlist","KRMIM2475058","1779468237"
"Takaramonogatari","ミツキヨ (미츠키요)","블루 아카이브 4주년 기념 (Original Soundtrack)","DJMAX","Playlist","KRMIM2602073","1869504140"
"Romantic Seaside (Korean Version)","ミツキヨ (미츠키요)","Romantic Seaside (블루 아카이브) [Korean Version] - EP","DJMAX","Playlist","KRMIM2573090","1863660228"
"Bunny Bunny Carrot Carrot","ミツキヨ (미츠키요)","블루 아카이브 2주년 기념 (Original Game Soundtrack)","DJMAX","Playlist","KRMIM2475090","1779443859"
"Mechanical JUNGLE","KARUT","블루 아카이브 1주년 기념 (Original Soundtrack)","DJMAX","Playlist","KRMIM2474673","1779472057"
"OperationD","Nor","블루 아카이브 2주년 기념 (Original Game Soundtrack)","DJMAX","Playlist","KRMIM2475091","1779443863"
"Love Parade (feat. Dovlvl)","ミツキヨ (미츠키요)","Love Parade (블루 아카이브) [feat. Dovlvl] - Single","DJMAX","Playlist","KRMIM2542170","1827898931"
"꽃, 바람, 그대 (feat. 새빛)","ミツキヨ (미츠키요)","꽃, 바람, 그대 (블루 아카이브) - Single","DJMAX","Playlist","KRMIM2516627","1802584027"
"Ramune Lagoon","YUC'e","블루 아카이브 4주년 기념 (Original Soundtrack)","DJMAX","Playlist","KRMIM2602075","1869504146"
"Encroached Sky","KARUT","블루 아카이브 3주년 기념 (Original Soundtrack)","DJMAX","Playlist","KRMIM2479004","1783093055"
"Polyphonic","Nor","블루 아카이브 3주년 기념 (Original Soundtrack)","DJMAX","Playlist","KRMIM2479006","1783093250"
"Oxygen Destroyer","KARUT","블루 아카이브 2주년 기념 (Original Game Soundtrack)","DJMAX","Playlist","KRMIM2475100","1779444065"
"Hell'o","PahNic","V EXTENSION IV (Original Soundtrack)","DJMAX","Playlist","KRMIM2359410","1690336288"
"O'men","PahNic","V LIBERTY (Original Soundtrack)","DJMAX","Playlist","KRMIM2442943","1754125039"
"青春コンプレックス","kessoku band","結束バンド","kessoku band","Playlist","JPE302200934","1657318551"
"ひとりぼっち東京","kessoku band","結束バンド","kessoku band","Playlist","JPE302200935","1657318555"
"Distortion!!","kessoku band","結束バンド","kessoku band","Playlist","JPE302201009","1657318564"
"ひみつ基地","kessoku band","結束バンド","kessoku band","Playlist","JPE302201061","1657318570"
"ギターと孤独と蒼い惑星","kessoku band","結束バンド","kessoku band","Playlist","JPE302201022","1657318765"
"ラブソングが歌えない","kessoku band","結束バンド","kessoku band","Playlist","JPE302201062","1657318775"
"あのバンド","kessoku band","結束バンド","kessoku band","Playlist","JPE302201023","1657318780"
"カラカラ","kessoku band","結束バンド","kessoku band","Playlist","JPE302201019","1657318783"
"小さな海","kessoku band","結束バンド","kessoku band","Playlist","JPE302201063","1657318876"
"なにが悪い","kessoku band","結束バンド","kessoku band","Playlist","JPE302201021","1657318881"
"忘れてやらない","kessoku band","結束バンド","kessoku band","Playlist","JPE302201020","1657318882"
"星座になれたら","kessoku band","結束バンド","kessoku band","Playlist","JPE302201032","1657318884"
"フラッシュバッカー","kessoku band","結束バンド","kessoku band","Playlist","JPE302201064","1657318889"
"光の中へ","kessoku band","光の中へ - EP","kessoku band","Playlist","JPE302300187","1685194940"
"青い春と西の空","kessoku band","光の中へ - EP","kessoku band","Playlist","JPE302300188","1685194942"
"月並みに輝け","kessoku band","Re:結束バンド - EP","kessoku band","Playlist","JPE302400232","1759525329"
"今、僕、アンダーグラウンドから","kessoku band","Re:結束バンド - EP","kessoku band","Playlist","JPE302400233","1759525332"
"ドッペルゲンガー","kessoku band","Re:結束バンド - EP","kessoku band","Playlist","JPE302400585","1759525333"
"僕と三原色","kessoku band","Re:結束バンド - EP","kessoku band","Playlist","JPE302400586","1759525334"
"秒針少女","kessoku band","Re:結束バンド - EP","kessoku band","Playlist","JPE302400587","1759525335"
"milky way","kessoku band","We will - EP","kessoku band","Playlist","JPE302400658","1765078732"
"惑う星","kessoku band","We will - EP","kessoku band","Playlist","JPE302400659","1765078740"
"UNITE","kessoku band","We will - EP","kessoku band","Playlist","JPE302400660","1765078742"
"夢を束ねて","kessoku band","We will - EP","kessoku band","Playlist","JPE302400661","1765078744"
"転がる岩、君に朝が降る","kessoku band","結束バンド","kessoku band","Playlist","JPE302201024","1657318890"
"Re:Re:","kessoku band","Re:結束バンド - EP","kessoku band","Playlist","JPE302400588","1759525336"
"Audio zero zero one","Vaundy","strobo","Vaundy 본인곡·참여작 — 앨범 우선·발매순 1/4","Playlist","JPR652000110","1707022777"
"Tomoshibi","Vaundy","strobo","Vaundy 본인곡·참여작 — 앨범 우선·발매순 1/4","Playlist","JPR652000111","1707022783"
"Tokyo Flash","Vaundy","strobo","Vaundy 본인곡·참여작 — 앨범 우선·발매순 1/4","Playlist","JPR651900334","1707023149"
"Kaiju no Hanauta","Vaundy","strobo","Vaundy 본인곡·참여작 — 앨범 우선·발매순 1/4","Playlist","JPR652000112","1707023156"
"life hack","Vaundy","strobo","Vaundy 본인곡·참여작 — 앨범 우선·발매순 1/4","Playlist","JPR652000094","1707023167"
"Fukakoryoku","Vaundy","strobo","Vaundy 본인곡·참여작 — 앨범 우선·발매순 1/4","Playlist","JPR651900353","1707023356"
"soramimi","Vaundy","strobo","Vaundy 본인곡·참여작 — 앨범 우선·발매순 1/4","Playlist","JPR651900357","1707023361"
"Audio zero zero two","Vaundy","strobo","Vaundy 본인곡·참여작 — 앨범 우선·발매순 1/4","Playlist","JPR652000113","1707023367"
"napori","Vaundy","strobo","Vaundy 본인곡·참여작 — 앨범 우선·발매순 1/4","Playlist","JPR652000114","1707023375"
"Boku wa kyo mo","Vaundy","strobo","Vaundy 본인곡·참여작 — 앨범 우선·발매순 1/4","Playlist","JPR651900360","1707023379"
"Bye by me","Vaundy","strobo","Vaundy 본인곡·참여작 — 앨범 우선·발매순 1/4","Playlist","JPR652000115","1707023385"
"地球儀 (with Vaundy)","에메","Walpurgis","Vaundy 본인곡·참여작 — 앨범 우선·발매순 1/4","Playlist","JPU902003548","1546316248"
"Ash (feat. Vaundy) [N-Buna From Yorushika Remix]","Nulbarich","NEW GRAVITY","Vaundy 본인곡·참여작 — 앨범 우선·발매순 1/4","Playlist","JPVI02002329","1561568166"
"Ash (feat. Vaundy)","Nulbarich","NEW GRAVITY","Vaundy 본인곡·참여작 — 앨범 우선·발매순 1/4","Playlist","JPVI02002216","1561568172"
"二人話","Vaundy","裸の勇者 - EP","Vaundy 본인곡·참여작 — 앨범 우선·발매순 1/4","Playlist","JPP302101987","1600223389"
"HERO","Vaundy","裸の勇者 - EP","Vaundy 본인곡·참여작 — 앨범 우선·발매순 1/4","Playlist","JPP302101988","1600223390"
"おもかげ -self cover-","Vaundy","裸の勇者 - EP","Vaundy 본인곡·참여작 — 앨범 우선·발매순 1/4","Playlist","JPP302101989","1600223394"
"Backlight","Ado","UTA'S SONGS ONE PIECE FILM RED","Vaundy 본인곡·참여작 — 앨범 우선·발매순 1/4","Playlist","JPPO02202426","1636446964"
"くびったけ","yama","Versus the night","Vaundy 본인곡·참여작 — 앨범 우선·발매순 1/4","Playlist","JPU902202362","1638668173"
"Missing","Vaundy","ELLEGARDEN TRIBUTE","Vaundy 본인곡·참여작 — 앨범 우선·발매순 1/4","Playlist","JPPO02204315","1669558928"
"rose feat. Vaundy","Chilli Beans.","mixtape - EP","Vaundy 본인곡·참여작 — 앨범 우선·발매순 1/4","Playlist","JPB602300187","1664099748"
"Audio 007","Vaundy","replica","Vaundy 본인곡·참여작 — 앨범 우선·발매순 1/4","Playlist","JPP302300542","1714599650"
"ZERO","Vaundy","replica","Vaundy 본인곡·참여작 — 앨범 우선·발매순 1/4","Playlist","JPP302300534","1714599652"
"美電球","Vaundy","replica","Vaundy 본인곡·참여작 — 앨범 우선·발매순 1/4","Playlist","JPP302300543","1714599655"
"カーニバル","Vaundy","replica","Vaundy 본인곡·참여작 — 앨범 우선·발매순 1/4","Playlist","JPR652300108","1714599658"
"1リッター分の愛をこめて","Vaundy","replica","Vaundy 본인곡·참여작 — 앨범 우선·발매순 1/4","Playlist","JPP302300545","1714599659"
"常熱","Vaundy","replica","Vaundy 본인곡·참여작 — 앨범 우선·발매순 1/4","Playlist","JPP302300546","1714599663"
"Audio 006","Vaundy","replica","Vaundy 본인곡·참여작 — 앨범 우선·발매순 1/4","Playlist","JPP302300547","1714599668"
"宮","Vaundy","replica","Vaundy 본인곡·참여작 — 앨범 우선·발매순 1/4","Playlist","JPP302300548","1714599670"
"黒子","Vaundy","replica","Vaundy 본인곡·참여작 — 앨범 우선·발매순 1/4","Playlist","JPP302300549","1714599671"
"逆光 - replica -","Vaundy","replica","Vaundy 본인곡·참여작 — 앨범 우선·발매순 1/4","Playlist","JPP302300550","1714599674"
"NEO JAPAN","Vaundy","replica","Vaundy 본인곡·참여작 — 앨범 우선·발매순 1/4","Playlist","JPP302300551","1714599676"
"呼吸のように","Vaundy","replica","Vaundy 본인곡·참여작 — 앨범 우선·발매순 1/4","Playlist","JPP302300552","1714599798"
"怪獣の花唄 - replica -","Vaundy","replica","Vaundy 본인곡·참여작 — 앨범 우선·발매순 1/4","Playlist","JPP302300553","1714599800"
"Audio 008","Vaundy","replica","Vaundy 본인곡·참여작 — 앨범 우선·발매순 1/4","Playlist","JPP302300554","1714599802"
"replica","Vaundy","replica","Vaundy 본인곡·참여작 — 앨범 우선·발매순 1/4","Playlist","JPP302300555","1714599807"
"Audio 003","Vaundy","replica","Vaundy 본인곡·참여작 — 앨범 우선·발매순 1/4","Playlist","JPP302300556","1714599813"
"世界の秘密","Vaundy","replica","Vaundy 본인곡·참여작 — 앨범 우선·발매순 1/4","Playlist","JPR652000319","1714599817"
"融解sink","Vaundy","replica","Vaundy 본인곡·참여작 — 앨범 우선·발매순 1/4","Playlist","JPR652000328","1714599818"
"しわあわせ","Vaundy","replica","Vaundy 본인곡·참여작 — 앨범 우선·발매순 1/4","Playlist","JPR652100006","1714599822"
"benefits","Vaundy","replica","Vaundy 본인곡·참여작 — 앨범 우선·발매순 1/4","Playlist","JPR652100019","1714599823"
"花占い","Vaundy","replica","Vaundy 본인곡·참여작 — 앨범 우선·발매순 1/4","Playlist","JPR652100020","1714599825"
"Tokimeki","Vaundy","replica","Vaundy 본인곡·참여작 — 앨범 우선·발매순 1/4","Playlist","JPR652100038","1714599978"
"泣き地蔵","Vaundy","replica","Vaundy 본인곡·참여작 — 앨범 우선·발매순 1/4","Playlist","JPR652100016","1714599979"
"踊り子","Vaundy","replica","Vaundy 본인곡·참여작 — 앨범 우선·발매순 1/4","Playlist","JPR652100061","1714599984"
"裸の勇者","Vaundy","replica","Vaundy 본인곡·참여작 — 앨범 우선·발매순 1/4","Playlist","JPP302101986","1714599986"
"恋風邪にのせて","Vaundy","replica","Vaundy 본인곡·참여작 — 앨범 우선·발매순 1/4","Playlist","JPR652200002","1714599987"
"走馬灯","Vaundy","replica","Vaundy 본인곡·참여작 — 앨범 우선·발매순 1/4","Playlist","JPR652200041","1714599992"
"mabataki","Vaundy","replica","Vaundy 본인곡·참여작 — 앨범 우선·발매순 1/4","Playlist","JPR652200079","1714599994"
"CHAINSAW BLOOD","Vaundy","replica","Vaundy 본인곡·참여작 — 앨범 우선·발매순 1/4","Playlist","JPP302200652","1714600003"
"瞳惚れ","Vaundy","replica","Vaundy 본인곡·참여작 — 앨범 우선·발매순 1/4","Playlist","JPR652200113","1714600006"
"忘れ物","Vaundy","replica","Vaundy 본인곡·참여작 — 앨범 우선·발매순 1/4","Playlist","JPR652200115","1714600309"
"置き手紙","Vaundy","replica","Vaundy 본인곡·참여작 — 앨범 우선·발매순 1/4","Playlist","JPR652200123","1714600311"
"まぶた","Vaundy","replica","Vaundy 본인곡·참여작 — 앨범 우선·발매순 1/4","Playlist","JPR652200171","1714600312"
"そんなbitterな話","Vaundy","replica","Vaundy 본인곡·참여작 — 앨범 우선·발매순 1/4","Playlist","JPR652300031","1714600317"
"トドメの一撃 (feat. Cory Wong)","Vaundy","replica","Vaundy 본인곡·참여작 — 앨범 우선·발매순 1/4","Playlist","JPR652300153","1714600333"
"タイムパラドックス","Vaundy","タイムパラドックス - Single","Vaundy 본인곡·참여작 — 앨범 우선·발매순 1/4","Playlist","JPR652300211","1730929696"
"ココロありがとう","Vaundy","タイムパラドックス - Single","Vaundy 본인곡·참여작 — 앨범 우선·발매순 1/4","Playlist","JPR652400014","1730930121"
"惑う糸","스다 마사키","SPIN","Vaundy 본인곡·참여작 — 앨범 우선·발매순 1/4","Playlist","JPU902201685","1750677680"
"Ibara","Ado","Zanmu","Vaundy 본인곡·참여작 — 앨범 우선·발매순 1/4","Playlist","JPPO02301246","1754263836"
"ホムンクルス","Vaundy","ホムンクルス / Gift - Single","Vaundy 본인곡·참여작 — 앨범 우선·발매순 1/4","Playlist","JPR652400083","1758905746"
"Gift","Vaundy","ホムンクルス / Gift - Single","Vaundy 본인곡·참여작 — 앨범 우선·발매순 1/4","Playlist","JPR652400086","1758905748"
"Toumei Ni Naritai","Number_i","No.Ⅰ","Vaundy 본인곡·참여작 — 앨범 우선·발매순 1/4","Playlist","JPY932300181","6780732817"
"GORILLA SHIBAI","Vaundy","GORILLA SHIBAI - Single","Vaundy 본인곡·참여작 — 앨범 우선·발매순 1/4","Playlist","JPR652400099","1766130694"
"風神","Vaundy","風神 - Single","Vaundy 본인곡·참여작 — 앨범 우선·발매순 1/4","Playlist","JPR652400161","1771366342"
"走れSAKAMOTO","Vaundy","走れSAKAMOTO - Single","Vaundy 본인곡·참여작 — 앨범 우선·발매순 1/4","Playlist","JPR652400186","1785122582"
"Somebody help us","Vaundy","走れSAKAMOTO - Single","Vaundy 본인곡·참여작 — 앨범 우선·발매순 1/4","Playlist","JPR652400197","1793301774"
"Jinsei wa mix nuts no kumiawase","Vaundy","Jinsei wa mix nuts no kumiawase - Single","Vaundy 본인곡·참여작 — 앨범 우선·발매순 1/4","Playlist","JPR652500056","1800425637"
"僕にはどうしてわかるんだろう","Vaundy","僕にはどうしてわかるんだろう - Single","Vaundy 본인곡·참여작 — 앨범 우선·발매순 1/4","Playlist","JPR652500088","1808353380"
"まじで、サヨナラべぃべぃ","Vaundy","まじで、サヨナラべぃべぃ - Single","Vaundy 본인곡·참여작 — 앨범 우선·발매순 1/4","Playlist","JPR652500092","1810654781"
"pained","Vaundy","pained - Single","Vaundy 본인곡·참여작 — 앨범 우선·발매순 1/4","Playlist","JPP302300558","1819665892"
"再会","Vaundy","再会 - Single","Vaundy 본인곡·참여작 — 앨범 우선·발매순 1/4","Playlist","JPR652500130","1823815962"
"zutto love song","Vaundy","zutto love song - Single","Vaundy 본인곡·참여작 — 앨범 우선·발매순 1/4","Playlist","JPR652500161","1833847517"
"wasurerumaeni","Vaundy","wasurerumaeni - Single","Vaundy 본인곡·참여작 — 앨범 우선·발매순 1/4","Playlist","JPR652500176","1841372294"
"偉生人","Vaundy","偉生人 - Single","Vaundy 본인곡·참여작 — 앨범 우선·발매순 1/4","Playlist","JPR652100042","1846515044"
"Zenzenzense","Vaundy","Dear Jubilee -RADWIMPS TRIBUTE-","Vaundy 본인곡·참여작 — 앨범 우선·발매순 1/4","Playlist","JPR652500206","1852963449"
"Kiseki","Vaundy","Kiseki - Single","Vaundy 본인곡·참여작 — 앨범 우선·발매순 1/4","Playlist","JPR652500209","1853550302"
"呼び声","Vaundy","呼び声 - Single","Vaundy 본인곡·참여작 — 앨범 우선·발매순 1/4","Playlist","JPR652500239","1859586540"
"シンギュラリティ","Vaundy","シンギュラリティ - Single","Vaundy 본인곡·참여작 — 앨범 우선·발매순 1/4","Playlist","JPR652600003","1873288364"
"Audio 015 (DOME TOUR 2026 ver.)","Vaundy","The SILENCE - Single","Vaundy 본인곡·참여작 — 앨범 우선·발매순 1/4","Playlist","JPR652600070","1885749347"
"The SILENCE","Vaundy","The SILENCE - Single","Vaundy 본인곡·참여작 — 앨범 우선·발매순 1/4","Playlist","JPR652600045","1885749350"
"飛ぶ時","Vaundy","飛ぶ時 / 飛ぼうよ - Single","Vaundy 본인곡·참여작 — 앨범 우선·발매순 1/4","Playlist","JPR652600046","1890060756"
"飛ぼうよ","yama","飛ぶ時 / 飛ぼうよ - Single","Vaundy 본인곡·참여작 — 앨범 우선·발매순 1/4","Playlist","JPU902600975","1890060969"
"飛ぶ時","yama","飛ぶ時 / 飛ぼうよ - Single","Vaundy 본인곡·참여작 — 앨범 우선·발매순 1/4","Playlist","JPU902600976","1890061240"
"飛ぼうよ","Vaundy","飛ぶ時 / 飛ぼうよ - Single","Vaundy 본인곡·참여작 — 앨범 우선·발매순 1/4","Playlist","JPR652600047","1890061241"
"イデアが溢れて眠れない","Vaundy","イデアが溢れて眠れない - Single","Vaundy 본인곡·참여작 — 앨범 우선·발매순 1/4","Playlist","JPR652600076","1891710449"
"kimagure","Vaundy","kimagure - Single","Vaundy 본인곡·참여작 — 앨범 우선·발매순 1/4","Playlist","JPR652600123","6771238815"
"かげろう","Vaundy","かげろう - Single","Vaundy 본인곡·참여작 — 앨범 우선·발매순 1/4","Playlist","JPR652600149","6787836341"
"ポップス (Prod. n-buna from ヨルシカ)","Jeremy Quartus & n-buna","ポップス (Prod. n-buna from ヨルシカ) - Single","Vaundy 본인곡·참여작 — 앨범 우선·발매순 1/4","Playlist","JPD862601481","6811041770"
"gold","wave to earth","wave 0.01 - EP","Wave To Earth","Playlist","KRMIM1925216","1849398154"
"bonfire","wave to earth","wave 0.01 - EP","Wave To Earth","Playlist","KRMIM1925217","1849398157"
"wave","wave to earth","wave 0.01 - EP","Wave To Earth","Playlist","KRMIM1914745","1849398160"
"light","wave to earth","wave 0.01 - EP","Wave To Earth","Playlist","KRMIM1921432","1849398163"
"bird","wave to earth","wave 0.01 - EP","Wave To Earth","Playlist","KRMIM1925218","1849398170"
"purple lake","wave to earth","wave 0.01 - EP","Wave To Earth","Playlist","KRMIM1925219","1849398173"
"summer flows","wave to earth","summer flows 0.02 - EP","Wave To Earth","Playlist","KRMIM2021576","1781856628"
"ride","wave to earth","summer flows 0.02 - EP","Wave To Earth","Playlist","KRMIM2021577","1781856629"
"seasons","wave to earth","summer flows 0.02 - EP","Wave To Earth","Playlist","KRMIM2021578","1781856632"
"ocean floor","wave to earth","summer flows 0.02 - EP","Wave To Earth","Playlist","KRMIM2021579","1781856633"
"surf.","wave to earth","summer flows 0.02 - EP","Wave To Earth","Playlist","KRMIM2021580","1781856636"
"daisy.","wave to earth","daisy. - Single","Wave To Earth","Playlist","KRMIM2120660","1781856467"
"bad","wave to earth","0.1 flaws and all.","Wave To Earth","Playlist","KRA252300807","1770274109"
"sunny days","wave to earth","0.1 flaws and all.","Wave To Earth","Playlist","KRA252300808","1770274115"
"peach eyes","wave to earth","0.1 flaws and all.","Wave To Earth","Playlist","KRA252300809","1770274119"
"evening glow","wave to earth","0.1 flaws and all.","Wave To Earth","Playlist","KRA252300810","1770274126"
"pink horizon","wave to earth","0.1 flaws and all.","Wave To Earth","Playlist","KRA252300811","1770274502"
"pink","wave to earth","0.1 flaws and all.","Wave To Earth","Playlist","KRA252300812","1770274506"
"calla","wave to earth","0.1 flaws and all.","Wave To Earth","Playlist","KRA252201123","1770274549"
"사랑으로","wave to earth","0.1 flaws and all.","Wave To Earth","Playlist","KRA252300813","1770274550"
"homesick","wave to earth","0.1 flaws and all.","Wave To Earth","Playlist","KRA252300814","1770274552"
"dried flower","wave to earth","0.1 flaws and all.","Wave To Earth","Playlist","KRA252201803","1770274555"
"sunburn","wave to earth","0.1 flaws and all.","Wave To Earth","Playlist","KRA252300815","1770274556"
"akira","wave to earth","0.1 flaws and all.","Wave To Earth","Playlist","KRA252300816","1770274559"
"nouvelle vague","wave to earth","0.1 flaws and all.","Wave To Earth","Playlist","KRA252102205","1770274578"
"so real","wave to earth","0.1 flaws and all.","Wave To Earth","Playlist","KRA252300817","1770274951"
"are you bored?","wave to earth","play with earth! 0.03 (Extended Version)","Wave To Earth","Playlist","KRA252402436","1771834340"
"play with earth!","wave to earth","play with earth! 0.03 (Extended Version)","Wave To Earth","Playlist","KRA252402437","1771834356"
"annie.","wave to earth","play with earth! 0.03 (Extended Version)","Wave To Earth","Playlist","KRA252402438","1771834489"
"pueblo (remastered 2024)","wave to earth","play with earth! 0.03 (Extended Version)","Wave To Earth","Playlist","KRA252402439","1771834490"
"beck.","wave to earth","play with earth! 0.03 (Extended Version)","Wave To Earth","Playlist","KRA252402440","1771834494"
"slow dive","wave to earth","play with earth! 0.03 (Extended Version)","Wave To Earth","Playlist","KRA252402441","1771834495"
"holyland","wave to earth","play with earth! 0.03 (Extended Version)","Wave To Earth","Playlist","KRA252402442","1771834501"
"검은 산","wave to earth","Twenty Plenty","Wave To Earth","Playlist","KRA382402371","1740727751"