Track name,Artist name,Album,Playlist name,Type,ISRC,Spotify - id
"gold","wave to earth","wave 0.01","Wave To Earth","Playlist","KRMIM1925216","6SoL3jHkBzqy9NxmLLSeWO"
"bonfire","wave to earth","wave 0.01","Wave To Earth","Playlist","KRMIM1925217","67bFYUkeyR01cpvH4tE0dy"
"wave","wave to earth","wave 0.01","Wave To Earth","Playlist","KRMIM1914745","1jEexn50fumvI5MfGCKp1M"
"light","wave to earth","wave 0.01","Wave To Earth","Playlist","KRMIM1921432","4AWtNQRR2jEtVir0ZGLpAr"
"bird","wave to earth","wave 0.01","Wave To Earth","Playlist","KRMIM1925218","6e5aOjRosdJaCby9tPCXQ1"
"purple lake","wave to earth","wave 0.01","Wave To Earth","Playlist","KRMIM1925219","5fYVjSZ0zKS5WXooJQ4Kf3"
"summer flows","wave to earth","summer flows 0.02","Wave To Earth","Playlist","KRMIM2021576","1ppReCtO4bZcHv2BYSRnYG"
"ride","wave to earth","summer flows 0.02","Wave To Earth","Playlist","KRMIM2021577","292o94drp4IqtnS9iK65lg"
"seasons","wave to earth","summer flows 0.02","Wave To Earth","Playlist","KRMIM2021578","0aVd7QiY8BstysHb62c5Fi"
"ocean floor","wave to earth","summer flows 0.02","Wave To Earth","Playlist","KRMIM2021579","2KKQixWJmf8bhQzWNquPD4"
"surf.","wave to earth","summer flows 0.02","Wave To Earth","Playlist","KRMIM2021580","2KXN5guakxotePe0EgKQJr"
"daisy.","wave to earth","daisy.","Wave To Earth","Playlist","KRMIM2120660","18gHmYZHV9JHZ0VUpjYlFs"
"bad","wave to earth","0.1 flaws and all.","Wave To Earth","Playlist","KRA252300807","6H67gFuycHyTOROX2M4bbs"
"sunny days","wave to earth","0.1 flaws and all.","Wave To Earth","Playlist","KRA252300808","3URe1bi21ftFK4zh5nO1P1"
"peach eyes","wave to earth","0.1 flaws and all.","Wave To Earth","Playlist","KRA252300809","72UVMFjUAL6KJvwi36VBiz"
"evening glow","wave to earth","0.1 flaws and all.","Wave To Earth","Playlist","KRA252300810","7KboPR4TuGQSAEjJNXKwQQ"
"pink horizon","wave to earth","0.1 flaws and all.","Wave To Earth","Playlist","KRA252300811","2Fh7LC098S5WtVVtSJrgKg"
"pink","wave to earth","0.1 flaws and all.","Wave To Earth","Playlist","KRA252300812","1JYtwhnjpVxQeYE9uyU2Lx"
"calla","wave to earth","0.1 flaws and all.","Wave To Earth","Playlist","KRA252201123","0X9qVaLfmgFFaJaYv72V7A"
"love.","wave to earth","0.1 flaws and all.","Wave To Earth","Playlist","KRA252300813","5mtTAScDytxMMqZj14NmlN"
"homesick","wave to earth","0.1 flaws and all.","Wave To Earth","Playlist","KRA252300814","2FZIabCRMEWAYfN69Ijn1U"
"dried flower","wave to earth","0.1 flaws and all.","Wave To Earth","Playlist","KRA252201803","12jbiJhWbCQqRdnCB2QbmX"
"sunburn","wave to earth","0.1 flaws and all.","Wave To Earth","Playlist","KRA252300815","1pOIJTuRBw241sCT6eq2TK"
"akira","wave to earth","0.1 flaws and all.","Wave To Earth","Playlist","KRA252300816","5oThdPvhz6t4fdHjjEnrPM"
"nouvelle vague","wave to earth","0.1 flaws and all.","Wave To Earth","Playlist","KRA252102205","3pUBfXGCqH0imhTQ02wBLr"
"so real","wave to earth","0.1 flaws and all.","Wave To Earth","Playlist","KRA252300817","6B75WGGugFzGfyVWSF38Q1"
"are you bored?","wave to earth","play with earth! 0.03 (extended)","Wave To Earth","Playlist","KRA252402436","6DN8fxNpyPfHg5uR2skBBt"
"play with earth!","wave to earth","play with earth! 0.03 (extended)","Wave To Earth","Playlist","KRA252402437","5UuoeJvdYF87S0OEKgt9Xn"
"annie.","wave to earth","play with earth! 0.03 (extended)","Wave To Earth","Playlist","KRA252402438","1I9je9jTqpmejE4Tzdl4MM"
"pueblo (remastered 2024)","wave to earth","play with earth! 0.03 (extended)","Wave To Earth","Playlist","KRA252402439","5LeRzKKmCY67RobH8Qie4h"
"beck.","wave to earth","play with earth! 0.03 (extended)","Wave To Earth","Playlist","KRA252402440","55IKmfgsiRh7DTlSwP7TuG"
"slow dive","wave to earth","play with earth! 0.03 (extended)","Wave To Earth","Playlist","KRA252402441","6IP5uRxuuoQL1JDIkfuGA2"
"holyland","wave to earth","play with earth! 0.03 (extended)","Wave To Earth","Playlist","KRA252402442","0OaWxhWXB47J93vzObroan"
"Black Mountain","wave to earth","Twenty Plenty","Wave To Earth","Playlist","KRA382402371","06sXeC9qDRsw3JvAZOnC8g"
"Audio 001","Vaundy","strobo","Vaundy 본인곡·참여작 — 앨범 우선·발매순 1/4","Playlist","JPR652000110","6fth54aIbC1taVaG1pOzoQ"
"Tomoshibi","Vaundy","strobo","Vaundy 본인곡·참여작 — 앨범 우선·발매순 1/4","Playlist","JPR652000111","7vNMGbK0IlrmoX5L1PKOe3"
"東京フラッシュ","Vaundy","strobo","Vaundy 본인곡·참여작 — 앨범 우선·발매순 1/4","Playlist","JPR651900334","04e72JtsOIIlHUQ7CvWwvX"
"Kaiju no Hanauta","Vaundy","strobo","Vaundy 본인곡·참여작 — 앨범 우선·발매순 1/4","Playlist","JPR652000112","1pCcNaCodPssCc8Aq68gPS"
"life hack","Vaundy","strobo","Vaundy 본인곡·참여작 — 앨범 우선·발매순 1/4","Playlist","JPR652000094","0DKHQ4ixPdmN1SHtT8PVpS"
"Fukakoryoku","Vaundy","strobo","Vaundy 본인곡·참여작 — 앨범 우선·발매순 1/4","Playlist","JPR651900353","0lK0ONyDapmxGzYexyaAFW"
"soramimi","Vaundy","strobo","Vaundy 본인곡·참여작 — 앨범 우선·발매순 1/4","Playlist","JPR651900357","3aXXsS4RWTEYmqfXY3R2tD"
"Audio 002","Vaundy","strobo","Vaundy 본인곡·참여작 — 앨범 우선·발매순 1/4","Playlist","JPR652000113","59fU1zkuWSNOs6EqMGcEpb"
"napori","Vaundy","strobo","Vaundy 본인곡·참여작 — 앨범 우선·발매순 1/4","Playlist","JPR652000114","7hDX39mc6Uf6zp8RXYUQ6d"
"僕は今日も","Vaundy","strobo","Vaundy 본인곡·참여작 — 앨범 우선·발매순 1/4","Playlist","JPR651900360","0t9c8d6PQhLmZSS6JVt0NS"
"Bye by me","Vaundy","strobo","Vaundy 본인곡·참여작 — 앨범 우선·발매순 1/4","Playlist","JPR652000115","02U9Ks0wBzbELtZKD6bBnw"
"地球儀","Aimer","Walpurgis","Vaundy 본인곡·참여작 — 앨범 우선·발매순 1/4","Playlist","JPU902003548","3fIMaGEhHBRtLa1ZwNB7M6"
"ASH feat. Vaundy (n-buna from YORUSHIKA Remix)","Nulbarich","NEW GRAVITY","Vaundy 본인곡·참여작 — 앨범 우선·발매순 1/4","Playlist","JPVI02002329","1xmGzkLLW5P7utET6gxHaq"
"ASH feat. Vaundy","Nulbarich","NEW GRAVITY","Vaundy 본인곡·참여작 — 앨범 우선·발매순 1/4","Playlist","JPVI02002216","0BOr48Q9eVUuOKIQ5oZzqO"
"二人話","Vaundy","裸の勇者","Vaundy 본인곡·참여작 — 앨범 우선·발매순 1/4","Playlist","JPP302101987","2OtLY8mm6sHy3u85zzZg1c"
"HERO","Vaundy","裸の勇者","Vaundy 본인곡·참여작 — 앨범 우선·발매순 1/4","Playlist","JPP302101988","7C4pZa37R3hTIA4NWzbj9W"
"おもかげ -self cover-","Vaundy","裸の勇者","Vaundy 본인곡·참여작 — 앨범 우선·발매순 1/4","Playlist","JPP302101989","6uqewERWZ1vzfCcin1zFIp"
"Backlight","Ado","UTA'S SONGS ONE PIECE FILM RED","Vaundy 본인곡·참여작 — 앨범 우선·발매순 1/4","Playlist","JPPO02202426","3WY0iazRPHOlIq6CdbKLZ6"
"くびったけ","yama","Versus the night","Vaundy 본인곡·참여작 — 앨범 우선·발매순 1/4","Playlist","JPU902202362","4N68vlWbWHDe8DeNgJaWtO"
"Missing - Amazon Original","Vaundy","Boys in Stereo: Asia - Spring","Vaundy 본인곡·참여작 — 앨범 우선·발매순 1/4","Playlist","JPPO02204315","4W3EQGSsEm3aicQdhz6WdP"
"rose - feat. Vaundy","Chilli Beans.","mixtape","Vaundy 본인곡·참여작 — 앨범 우선·발매순 1/4","Playlist","JPB602300187","72DWkd9AazMHYDafzpq4XF"
"Audio 007","Vaundy","replica","Vaundy 본인곡·참여작 — 앨범 우선·발매순 1/4","Playlist","JPP302300542","3aNHHvXx1RyZnNZPhGzKFH"
"ZERO","Vaundy","replica","Vaundy 본인곡·참여작 — 앨범 우선·발매순 1/4","Playlist","JPP302300534","65HcaAy1eQRr5pxVvVAqc5"
"美電球","Vaundy","replica","Vaundy 본인곡·참여작 — 앨범 우선·발매순 1/4","Playlist","JPP302300543","4oEcfGnvhxjjMscLLnNYSR"
"カーニバル","Vaundy","replica","Vaundy 본인곡·참여작 — 앨범 우선·발매순 1/4","Playlist","JPR652300108","5XGhwqu1TB391if1pD4lje"
"1リッター分の愛をこめて","Vaundy","replica","Vaundy 본인곡·참여작 — 앨범 우선·발매순 1/4","Playlist","JPP302300545","12CAcVzra8ZX8WGCRs73r9"
"常熱","Vaundy","replica","Vaundy 본인곡·참여작 — 앨범 우선·발매순 1/4","Playlist","JPP302300546","5h3ynZiK27wTtQt0uXId75"
"Audio 006","Vaundy","replica","Vaundy 본인곡·참여작 — 앨범 우선·발매순 1/4","Playlist","JPP302300547","3wfW86CJqG9no0UFbiZsdi"
"宮","Vaundy","replica","Vaundy 본인곡·참여작 — 앨범 우선·발매순 1/4","Playlist","JPP302300548","2EOOd0UJfRZzzlok8IZ6iZ"
"黒子","Vaundy","replica","Vaundy 본인곡·참여작 — 앨범 우선·발매순 1/4","Playlist","JPP302300549","3YOzU8IiYNHphHhVrgvuV9"
"逆光 - replica -","Vaundy","replica","Vaundy 본인곡·참여작 — 앨범 우선·발매순 1/4","Playlist","JPP302300550","3LZwKI90sFbwjJMMSfyPp7"
"NEO JAPAN","Vaundy","replica","Vaundy 본인곡·참여작 — 앨범 우선·발매순 1/4","Playlist","JPP302300551","4PQJs2U6R1xhXLxyjmf4gj"
"呼吸のように","Vaundy","replica","Vaundy 본인곡·참여작 — 앨범 우선·발매순 1/4","Playlist","JPP302300552","419L5Vb2jXSEm19LH9IbmV"
"怪獣の花唄 - replica -","Vaundy","replica","Vaundy 본인곡·참여작 — 앨범 우선·발매순 1/4","Playlist","JPP302300553","26H7pT0IHTko0AA3A35S73"
"Audio 008","Vaundy","replica","Vaundy 본인곡·참여작 — 앨범 우선·발매순 1/4","Playlist","JPP302300554","0EXDDf7g5TXkTLU4Haovuj"
"replica","Vaundy","replica","Vaundy 본인곡·참여작 — 앨범 우선·발매순 1/4","Playlist","JPP302300555","2ZLdeyeaIQdP4mqcMCB9yR"
"Audio 003","Vaundy","replica","Vaundy 본인곡·참여작 — 앨범 우선·발매순 1/4","Playlist","JPP302300556","3bOCsb2U3BgkKbPeIofmkU"
"世界の秘密","Vaundy","replica","Vaundy 본인곡·참여작 — 앨범 우선·발매순 1/4","Playlist","JPR652000319","0bv6tutpCuYApSXTF0AKrP"
"融解sink","Vaundy","replica","Vaundy 본인곡·참여작 — 앨범 우선·발매순 1/4","Playlist","JPR652000328","1CC9gpmBhKRr9SzYEfStct"
"しわあわせ","Vaundy","replica","Vaundy 본인곡·참여작 — 앨범 우선·발매순 1/4","Playlist","JPR652100006","4GvJskA0Jn4NorP2YWxuaf"
"benefits","Vaundy","replica","Vaundy 본인곡·참여작 — 앨범 우선·발매순 1/4","Playlist","JPR652100019","6pdUfehrxvlrMaNBmNiaJb"
"花占い","Vaundy","replica","Vaundy 본인곡·참여작 — 앨범 우선·발매순 1/4","Playlist","JPR652100020","4ETc1oFREuqQss7VQ1Y4mj"
"Tokimeki","Vaundy","replica","Vaundy 본인곡·참여작 — 앨범 우선·발매순 1/4","Playlist","JPR652100038","3e0Td8QexmD5l3DJzXbbcC"
"泣き地蔵","Vaundy","replica","Vaundy 본인곡·참여작 — 앨범 우선·발매순 1/4","Playlist","JPR652100016","7iMmJciZihn8wrKGabtTLU"
"踊り子","Vaundy","replica","Vaundy 본인곡·참여작 — 앨범 우선·발매순 1/4","Playlist","JPR652100061","1YXot2MLAG9sttepCtBRM7"
"裸の勇者","Vaundy","replica","Vaundy 본인곡·참여작 — 앨범 우선·발매순 1/4","Playlist","JPP302101986","5zdyuqPOZ6oR6a4ZtqI1vl"
"恋風邪にのせて","Vaundy","replica","Vaundy 본인곡·참여작 — 앨범 우선·발매순 1/4","Playlist","JPR652200002","1IFyAcFGKEoAcdFa8WwLk0"
"走馬灯","Vaundy","replica","Vaundy 본인곡·참여작 — 앨범 우선·발매순 1/4","Playlist","JPR652200041","6Sj8igey2JUWN6HtmiADtq"
"mabataki","Vaundy","replica","Vaundy 본인곡·참여작 — 앨범 우선·발매순 1/4","Playlist","JPR652200079","5y1N9zfII6NnDRzNPmMPJv"
"CHAINSAW BLOOD","Vaundy","replica","Vaundy 본인곡·참여작 — 앨범 우선·발매순 1/4","Playlist","JPP302200652","20CH6NjUJ8GGJQesmiqPeB"
"瞳惚れ","Vaundy","replica","Vaundy 본인곡·참여작 — 앨범 우선·발매순 1/4","Playlist","JPR652200113","5ZqO8UI3rELw35xCb8oF7c"
"忘れ物","Vaundy","replica","Vaundy 본인곡·참여작 — 앨범 우선·발매순 1/4","Playlist","JPR652200115","6y3ZWLQTlgRUqqNKBt3WgO"
"置き手紙","Vaundy","replica","Vaundy 본인곡·참여작 — 앨범 우선·발매순 1/4","Playlist","JPR652200123","3I7zyBNpewaGeIRDO1QBwp"
"まぶた","Vaundy","replica","Vaundy 본인곡·참여작 — 앨범 우선·발매순 1/4","Playlist","JPR652200171","2TUKLEXyjtKOmTjJupAexh"
"そんなbitterな話","Vaundy","replica","Vaundy 본인곡·참여작 — 앨범 우선·발매순 1/4","Playlist","JPR652300031","4DmmljTCS4ViQRSLCiMnOt"
"トドメの一撃","Vaundy","replica","Vaundy 본인곡·참여작 — 앨범 우선·발매순 1/4","Playlist","JPR652300153","7sd09c4dFK5dLHRsySex9L"
"タイムパラドックス","Vaundy","タイムパラドックス","Vaundy 본인곡·참여작 — 앨범 우선·발매순 1/4","Playlist","JPR652300211","5tUXcVSQKwoVVkziZmCOTM"
"ココロありがとう","Vaundy","タイムパラドックス","Vaundy 본인곡·참여작 — 앨범 우선·발매순 1/4","Playlist","JPR652400014","0BJoEqn7PsV1M36n1qXZ1l"
"惑う糸","SUDA MASAKI","SPIN","Vaundy 본인곡·참여작 — 앨범 우선·발매순 1/4","Playlist","JPU902201685","7AEQ3GCjZoKoHHQl5kgzRU"
"Ibara","Ado","Zanmu","Vaundy 본인곡·참여작 — 앨범 우선·발매순 1/4","Playlist","JPPO02301246","02uUERfxuB8fsU3Xnnorv7"
"ホムンクルス","Vaundy","ホムンクルス / Gift","Vaundy 본인곡·참여작 — 앨범 우선·발매순 1/4","Playlist","JPR652400083","7H2twalBiwEUErhVLyIQ31"
"Gift","Vaundy","ホムンクルス / Gift","Vaundy 본인곡·참여작 — 앨범 우선·발매순 1/4","Playlist","JPR652400086","76gAyGyyhDuHh2r4TdHKaP"
"透明になりたい","Number_i","No.Ⅰ","Vaundy 본인곡·참여작 — 앨범 우선·발매순 1/4","Playlist","JPY932300181","6xhAPExQCbfy6WiIWdbgRR"
"GORILLA SHIBAI","Vaundy","GORILLA SHIBAI","Vaundy 본인곡·참여작 — 앨범 우선·발매순 1/4","Playlist","JPR652400099","7nEJcD8O9l2QDCUuQwEnDl"
"風神","Vaundy","風神","Vaundy 본인곡·참여작 — 앨범 우선·발매순 1/4","Playlist","JPR652400161","00GDUNeJd97qjKp2yrx0OC"
"走れSAKAMOTO","Vaundy","走れSAKAMOTO","Vaundy 본인곡·참여작 — 앨범 우선·발매순 1/4","Playlist","JPR652400186","39G4uYSkyjaDcCJdt8qg9E"
"Somebody help us","Vaundy","走れSAKAMOTO","Vaundy 본인곡·참여작 — 앨범 우선·발매순 1/4","Playlist","JPR652400197","11gc2n8N1ANGERLZ1Ju66i"
"Jinsei wa mix nuts no kumiawase","Vaundy","Jinsei wa mix nuts no kumiawase","Vaundy 본인곡·참여작 — 앨범 우선·발매순 1/4","Playlist","JPR652500056","2zyM9MlG0LULnGhJiQ1ITM"
"僕にはどうしてわかるんだろう","Vaundy","僕にはどうしてわかるんだろう","Vaundy 본인곡·참여작 — 앨범 우선·발매순 1/4","Playlist","JPR652500088","6l9uVfPEhdfE50mTPgnE0W"
"まじで、サヨナラべぃべぃ","Vaundy","まじで、サヨナラべぃべぃ","Vaundy 본인곡·참여작 — 앨범 우선·발매순 1/4","Playlist","JPR652500092","2ulLum9XO5il5TWFmR9u7t"
"pained","Vaundy","pained","Vaundy 본인곡·참여작 — 앨범 우선·발매순 1/4","Playlist","JPP302300558","4fLu1o9tL4Fg7Zh7y4P7mK"
"再会","Vaundy","再会","Vaundy 본인곡·참여작 — 앨범 우선·발매순 1/4","Playlist","JPR652500130","7c1icp8E7aYG90vA3wo3Se"
"zutto love song","Vaundy","zutto love song","Vaundy 본인곡·참여작 — 앨범 우선·발매순 1/4","Playlist","JPR652500161","5sotruxtVBUsYrmnRvRhgW"
"wasurerumaeni","Vaundy","wasurerumaeni","Vaundy 본인곡·참여작 — 앨범 우선·발매순 1/4","Playlist","JPR652500176","4gUjQJheIwz5ALZyeGXHXo"
"偉生人","Vaundy","偉生人","Vaundy 본인곡·참여작 — 앨범 우선·발매순 1/4","Playlist","JPR652100042","3g1Ca8PPhR4FBN6a66wkyq"
"前前前世","Vaundy","Dear Jubilee -RADWIMPS TRIBUTE-","Vaundy 본인곡·참여작 — 앨범 우선·발매순 1/4","Playlist","JPR652500206","4JBxW5PXO7EIaR6CeGo07A"
"Kiseki","Vaundy","Kiseki","Vaundy 본인곡·참여작 — 앨범 우선·발매순 1/4","Playlist","JPR652500209","4H2nmq7XyWon9RklaF7NCw"
"呼び声","Vaundy","呼び声","Vaundy 본인곡·참여작 — 앨범 우선·발매순 1/4","Playlist","JPR652500239","3kQf453SpkwX7ALdgzNSNY"
"シンギュラリティ","Vaundy","シンギュラリティ","Vaundy 본인곡·참여작 — 앨범 우선·발매순 1/4","Playlist","JPR652600003","0XamVfkI6uAAjvpbVnerBx"
"Audio 015 - DOME TOUR 2026 ver.","Vaundy","The SILENCE","Vaundy 본인곡·참여작 — 앨범 우선·발매순 1/4","Playlist","JPR652600070","1nYRkQaJ9r1NJYoZ6prtpF"
"The SILENCE","Vaundy","The SILENCE","Vaundy 본인곡·참여작 — 앨범 우선·발매순 1/4","Playlist","JPR652600045","0FZxNGBKHZkI4YIovEY4me"
"飛ぶ時","Vaundy","飛ぶ時 / 飛ぼうよ","Vaundy 본인곡·참여작 — 앨범 우선·발매순 1/4","Playlist","JPR652600046","2NFgZXeRjcqV91SaBIZ3cI"
"飛ぼうよ","yama","飛ぶ時 / 飛ぼうよ","Vaundy 본인곡·참여작 — 앨범 우선·발매순 1/4","Playlist","JPU902600975","4Ael7H7pDC9VIHeA0CxU4U"
"飛ぶ時","yama","飛ぶ時 / 飛ぼうよ","Vaundy 본인곡·참여작 — 앨범 우선·발매순 1/4","Playlist","JPU902600976","3oD8xasVquybDGrftRT70E"
"飛ぼうよ","Vaundy","飛ぶ時 / 飛ぼうよ","Vaundy 본인곡·참여작 — 앨범 우선·발매순 1/4","Playlist","JPR652600047","0sLgHRWNlYcrPpaerJrbEo"
"イデアが溢れて眠れない","Vaundy","イデアが溢れて眠れない","Vaundy 본인곡·참여작 — 앨범 우선·발매순 1/4","Playlist","JPR652600076","4nsrIXDihSYr8eb56j015A"
"kimagure","Vaundy","kimagure","Vaundy 본인곡·참여작 — 앨범 우선·발매순 1/4","Playlist","JPR652600123","6C57BHEiqIaatLzFzqYx4e"
"かげろう","Vaundy","かげろう","Vaundy 본인곡·참여작 — 앨범 우선·발매순 1/4","Playlist","JPR652600149","5BKwzntuwwe6V5oapO6eJ4"
"ポップス (Prod. n-buna from ヨルシカ)","Jeremy Quartus","ポップス (Prod. n-buna from ヨルシカ)","Vaundy 본인곡·참여작 — 앨범 우선·발매순 1/4","Playlist","JPD862601481","7z4LDuqnHFy9ownckU6uvf"
"青春コンプレックス","結束バンド","結束バンド","kessoku band","Playlist","JPE302200934","60nwK1iMgnFCznF6FiNfts"
"ひとりぼっち東京","結束バンド","結束バンド","kessoku band","Playlist","JPE302200935","1ZFnNl8O8zd4mef77SAd91"
"Distortion!!","結束バンド","結束バンド","kessoku band","Playlist","JPE302201009","3l8rIBKJUDQFqQfKvcpQ1w"
"ひみつ基地","結束バンド","結束バンド","kessoku band","Playlist","JPE302201061","6P0RocRd21jJxs3E9vQoNH"
"ギターと孤独と蒼い惑星","結束バンド","結束バンド","kessoku band","Playlist","JPE302201022","1rgncjmlpHMP3DBhpagyVb"
"ラブソングが歌えない","結束バンド","結束バンド","kessoku band","Playlist","JPE302201062","5e9Pocvg3lRkVAsAKeiNio"
"あのバンド","結束バンド","結束バンド","kessoku band","Playlist","JPE302201023","4Ji17AjAdjf83FsIDcXe0J"
"カラカラ","結束バンド","結束バンド","kessoku band","Playlist","JPE302201019","1ofAXq6xfHjn6ZUxdsY3YW"
"小さな海","結束バンド","結束バンド","kessoku band","Playlist","JPE302201063","54SWXjFN2XYo3G5YiNSCqd"
"なにが悪い","結束バンド","結束バンド","kessoku band","Playlist","JPE302201021","2Ifn0MXm7x9ddBQPUabV9a"
"忘れてやらない","結束バンド","結束バンド","kessoku band","Playlist","JPE302201020","5ISHFvPLUqKz2JfDRtwnb2"
"星座になれたら","結束バンド","結束バンド","kessoku band","Playlist","JPE302201032","1iNhNmEwrd2TP4XrV7pQBI"
"フラッシュバッカー","結束バンド","結束バンド","kessoku band","Playlist","JPE302201064","2qdPWFrknWyLXYIPpbtAgD"
"光の中へ","結束バンド","光の中へ","kessoku band","Playlist","JPE302300187","5pRchw0E4RpVqIWcyVCrJv"
"青い春と西の空","結束バンド","光の中へ","kessoku band","Playlist","JPE302300188","7hfOYw1pDISWok8ZR8JALg"
"月並みに輝け","結束バンド","Re:結束バンド","kessoku band","Playlist","JPE302400232","5ZAoRsTvtgtdVCB10tNhnS"
"今、僕、アンダーグラウンドから","結束バンド","Re:結束バンド","kessoku band","Playlist","JPE302400233","7hbC8V5n1C8t01azpZqsH9"
"ドッペルゲンガー","結束バンド","Re:結束バンド","kessoku band","Playlist","JPE302400585","3lG2lpAVirM0df8pMMUP1P"
"僕と三原色","結束バンド","Re:結束バンド","kessoku band","Playlist","JPE302400586","5C3AH2Pxm8r2wovLBFWHe7"
"秒針少女","結束バンド","Re:結束バンド","kessoku band","Playlist","JPE302400587","0o4gPwmVjQCdmAuaGfD63k"
"milky way","結束バンド","We will","kessoku band","Playlist","JPE302400658","3lKpFtBHX0Q17ABO380mhv"
"惑う星","結束バンド","We will","kessoku band","Playlist","JPE302400659","4iWnWYDtg7ITUoNh6OjJUz"
"UNITE","結束バンド","We will","kessoku band","Playlist","JPE302400660","1alnCCvoaTx5r0IhqXU3Ru"
"夢を束ねて","結束バンド","We will","kessoku band","Playlist","JPE302400661","2Tc6Yq6HAjFU0OORD3b8w2"
"転がる岩、君に朝が降る","結束バンド","結束バンド","kessoku band","Playlist","JPE302201024","6wH2RsJUO8oypx8c5PG0bP"
"Re:Re:","結束バンド","Re:結束バンド","kessoku band","Playlist","JPE302400588","4aapC2MVDjxG1kp8O8HoxJ"
"glory day - Extended Ver.","BEXTER","DJMAX RESPECT VERSE.1","DJMAX","Playlist","KRMIM2432959","4NYZrqgYdzgq75NjuOR3sF"
"BlackCat","BEXTER","DJMAX RESPECT VERSE.1","DJMAX","Playlist","KRMIM2432958","0Z7A2c1ZxR39AiN5wTEkII"
"Boom!","BEXTER","DJMAX RESPECT VERSE.1","DJMAX","Playlist","KRMIM2346090","7hgizi9sjSb9ZblUIHgaqD"
"Dream it","BEXTER","DJMAX RESPECT VERSE.1","DJMAX","Playlist","KRMIM2346111","3I07vUwvcTpfj7rQzImRud"
"Daydream","Mycin.T","DJMAX RESPECT VERSE.1","DJMAX","Playlist","KRMIM2346136","7xxEGPHHzkIp4UwO3OwcHZ"
"Tic! Tac! Toe!","TAK","DMRV 22FW","DJMAX","Playlist","KRMIM2335954","22KV14kOQGbBUbiX2Hy2Zu"
"DIE IN","TAK","DJMAX RESPECT VERSE.1","DJMAX","Playlist","KRMIM2359397","0KTNva0pyA6KiAJ9sxvJKp"
"glory MAX -to the MAXimum-","TAK","DJMAX RESPECT VERSE.1","DJMAX","Playlist","KRMM02300480","0dfyKL4uVlUx0UlavgEzqY"
"Final Hour - Full Ver.","Pure 100%","DMRV 24SS","DJMAX","Playlist","KRMIM2442982","0qQSdsV9DI3pMsZNeGLpw8"
"Kakera","이태훈","V LIBERTY 2 (Original Soundtrack)","DJMAX","Playlist","KRMIM2475376","7hA1VCeuWLhtNZa4c6ZeLj"
"Checkmate (feat. Re.may)","ned","V LIBERTY 3 (Original Soundtrack)","DJMAX","Playlist","KRMIM2532754","306dFZnkYgfq7spBprslxC"
"The Castle of Báthory","Wicked Frontier","V LIBERTY 4 (Original Soundtrack)","DJMAX","Playlist","KRMIM2569080","4wi9Z3JHvrPyyxvG82I0A9"
"Break Out","Night Tempo","V LIBERTY (Original Soundtrack)","DJMAX","Playlist","KRMIM2442937","1hffUWwKfDHVhTQvmjFVw5"
"Cold Generation - Full Ver.","Mycin.T","DMRV 24SS","DJMAX","Playlist","KRMIM2442984","5OFPG4KJ2w0z8RM6QTHz2B"
"Starlight Garden","DJMAX","Djmax Best, Vol. 1 (Original Soundtrack)","DJMAX","Playlist","KRMIM1802771","71Y8lMabZkG31pG71lWyB3"
"Over the Starlight - Full ver.","ned","DMRV23FW","DJMAX","Playlist","KRMM02300482","3BIwkac55AmmrmuikC5WaF"
"Mad (feat. WaMi)","ESAI","V LIBERTY 2 (Original Soundtrack)","DJMAX","Playlist","KRMIM2475381","0HvP8bdCl1xf2gIje7CLOz"
"Carrot Carrot","Sobrem","V EXTENSION V (Original Soundtrack)","DJMAX","Playlist","KRMM02304750","2H3reb4aiZvFopx81lptUt"
"Away","Sobrem","V LIBERTY (Original Soundtrack)","DJMAX","Playlist","KRMIM2442944","3Vjyz6gh1h1NWoMvyycMAm"
"1! 2! 3! 4! Streaming rn CHU!","Sobrem","V LIBERTY 2 (Original Soundtrack)","DJMAX","Playlist","KRMIM2475377","4AR6GAjbBYNhSuQVZT2bXD"
"Crazy","chomin","V LIBERTY 4 (Original Soundtrack)","DJMAX","Playlist","KRMIM2569084","3gcoc7vzUvkkbFElul1ILh"
"Confession in Another World","BEXTER","V LIBERTY (Original Soundtrack)","DJMAX","Playlist","KRMIM2427333","38J5kiLxZC5leXGIaJy87Q"
"Love, Epilogue (Feat. mill)","Seibin","V LIBERTY 3 (Original Soundtrack)","DJMAX","Playlist","KRMIM2532757","5PAf2oATCDCNb8Ahm2jRnE"
"DJ_Joseon (feat. E_Omong, Pandalang)","이태훈","V LIBERTY 3 (Original Soundtrack)","DJMAX","Playlist","KRMIM2532755","0xeGQp2R3EVczw0rAXL9UR"
"Final Round - Extended Ver.","INFX","V LIBERTY (Original Soundtrack)","DJMAX","Playlist","KRMIM2442946","42ppwT3xm9f0sOKv6QEpFr"
"ECiLA","Seibin","V EXTENSION V (Original Soundtrack)","DJMAX","Playlist","KRMM02304745","7cRrbQpYSaEedEUxiCvLLB"
"B!G-BANG CHALLENGE","seatrus","V LIBERTY 2 (Original Soundtrack)","DJMAX","Playlist","KRMIM2475395","1Tn1gGmcxuK3ozy6y0BVVF"
"Dying","DIEIN","Dying","DJMAX","Playlist","KRMIM2534859","5TImLYv7JPJaSYNiFTZMFp"
"AWAKE","DIEIN","AWAKE","DJMAX","Playlist","KRMIM2554223","1LJJg2jK4cCAaeiIwGk3uy"
"AURORA","DIEIN","AURORA","DJMAX","Playlist","KRMIM2555005","5qwyV9zOJUTOjf1inWyXNf"
"No Mercy","DIEIN","No Mercy","DJMAX","Playlist","KRMIM2569106","0xlZJBZdv56bXzbV2JeFV4"
"Rocket Ride","DIEIN","Rocket Ride","DJMAX","Playlist","KRMIM2618493","2O7Td3YfTComIEjSHoWf3d"
"Summer Fling","Pure 100%","V LIBERTY 3 (Original Soundtrack)","DJMAX","Playlist","KRMIM2532760","3fle8vAwjXPGGXBJFELCMH"
"KICK IT","HAYAKO","V EXTENSION III (Original Soundtrack)","DJMAX","Playlist","KRMIM2346040","53HZDvZaHk8eCa9ctH7KKc"
"Pitter-patter","SOPHI","V EXTENSION V (Original Soundtrack)","DJMAX","Playlist","KRMM02304749","2ZOb553ZiZB9TLPePbBueC"
"mochimochi","TAK","mochimochi","DJMAX","Playlist","QMBZ92414715","7bjDEKwjlV8e5jdDts4a9o"
"LEMON MELON COOKIE","TAK","LEMON MELON COOKIE","DJMAX","Playlist","QMFMF2438530","65gE7v1HqOfudsfdh2SuD8"
"PPPP (feat. Hatsune Miku, Kasane Teto)","TAK","PPPP","DJMAX","Playlist","QMFME2515427","6J3pPfXLujwsWQpvR6XMgC"
"numb numb (feat. Hatsune Miku, Kasane Teto)","TAK","numb numb (feat. Hatsune Miku, Kasane Teto)","DJMAX","Playlist","KRMIM2629653","0AmLImb5bR5gu2WtxvyKAL"
"ラビットホール","DECO*27","TRANSFORM","DJMAX","Playlist","JP92Q2301331","0kCRrfk1WV7QMnlxqhpwV9"
"チェリーポップ","DECO*27","チェリーポップ","DJMAX","Playlist","JP92Q2502426","6yID3RbYKiwn2p2LPz0OkK"
"テレパシ","DECO*27","テレパシ","DJMAX","Playlist","JP92Q2501790","76kJA3LUe1uREGjlaOypkL"
"モニタリング (Best Friend Remix)","DECO*27","モニタリング (Best Friend Remix)","DJMAX","Playlist","JP92Q2502736","5an1RVI4IDE9xP7iBRVssg"
"Constant Moderato","Mitsukiyo","Blue Archive 1st Anniversary (Original Soundtrack)","DJMAX","Playlist","KRMIM2474652","2UJqnLNlUSQ2ZRBQuEFZml"
"Signal of Abydos","Nor","Blue Archive 1st Anniversary (Original Soundtrack)","DJMAX","Playlist","KRMIM2474664","0yOXRZOUNOFUsg9M27H86b"
"Rolling beat","Mitsukiyo","Blue Archive 1st Anniversary (Original Soundtrack)","DJMAX","Playlist","KRMIM2474670","1BsRHmQomSHhuOzIVm71Rf"
"Step by Step","KARUT","Blue Archive 1st Anniversary (Original Soundtrack)","DJMAX","Playlist","KRMIM2474656","404bfT8cVTOCHw2fvGhZNU"
"Shooting Stars","KARUT","Blue Archive 1st Anniversary (Original Soundtrack)","DJMAX","Playlist","KRMIM2474655","1FoUJkjr1Y1PswDmHFV0nT"
"Colorful Mess","KARUT","Blue Archive 2nd Anniversary (Original Soundtrack)","DJMAX","Playlist","KRMIM2475093","46HB8PhoVDhbOTSdhvCjBf"
"Usagi Flap","Nor","Blue Archive 4th Anniversary (Original Soundtrack)","DJMAX","Playlist","KRMIM2602063","41p94xERAQCmiI7wMNUcpa"
"Up to 21°C","Nor","Blue Archive 4th Anniversary (Original Soundtrack)","DJMAX","Playlist","KRMIM2602070","2y4H56uV8bKvwDC8I27F3S"
"Operation☆DOTABATA!","Mitsukiyo","Blue Archive 4th Anniversary (Original Soundtrack)","DJMAX","Playlist","KRMIM2602066","1Adkt1kZW1kt3rbpbWRGUM"
"Tok9 Train","Nor","Blue Archive 4th Anniversary (Original Soundtrack)","DJMAX","Playlist","KRMIM2602074","56gFsQLxmbvPRbWsP0GqpH"
"Action 68","KARUT","Blue Archive 4th Anniversary (Original Soundtrack)","DJMAX","Playlist","KRMIM2602083","1V390bhfY3XXLbt0YIs2r8"
"Unwelcome School","Mitsukiyo","Blue Archive 3rd Anniversary (Original Soundtrack)","DJMAX","Playlist","KRMIM2478987","2Qc23ytxTlv8Db3mAP8SSw"
"Funky Road","KARUT","Blue Archive 3rd Anniversary (Original Soundtrack)","DJMAX","Playlist","KRMIM2478988","4cIJolTqaywqdK2MA7xOfY"
"Yumeji no Hana - Korean Version","Mitsukiyo","Yumeji no Hana (Blue Archive) (Original Soundtrack) (Korean Version)","DJMAX","Playlist","KRMIM2468913","5gTjaz2BuCCPcDG2opQAuw"
"Raise the Huddle","Nor","Blue Archive 3.5th Anniversary (Original Soundtrack)","DJMAX","Playlist","KRMIM2532597","3lhro7b0lNQd9wv9RWZhtg"
"Shooting Athletes","KARUT","Blue Archive 3.5th Anniversary (Original Soundtrack)","DJMAX","Playlist","KRMIM2532598","0ilPoH7JY1MLUxaAc8Dh5d"
"Goal Wo Nerae!","KARUT","Blue Archive 3.5th Anniversary (Original Soundtrack)","DJMAX","Playlist","KRMIM2532599","5jIQJQVGJVD4A3mZBwlNkB"
"Midnight Trip","Nor","Blue Archive 2.5th Anniversary (Original Soundtrack)","DJMAX","Playlist","KRMIM2475051","08OT1KAKaCSsWLKNmgcc52"
"Hifumi Daisuki","Mitsukiyo","Blue Archive 2.5th Anniversary (Original Soundtrack)","DJMAX","Playlist","KRMIM2475054","1ooYqn7Ktu3lZZxPDZCxCL"
"After School Dessert","KARUT","Blue Archive 2.5th Anniversary (Original Soundtrack)","DJMAX","Playlist","KRMIM2475060","04urwecRv8jqNMoanq9Ayc"
"FEEEEVER TIME","Nor","Blue Archive 2.5th Anniversary (Original Soundtrack)","DJMAX","Playlist","KRMIM2475061","6sRfMCyNfLQOzUS3lmEdug"
"Dolce Biblioteca","Mitsukiyo","Blue Archive 2.5th Anniversary (Original Soundtrack)","DJMAX","Playlist","KRMIM2475058","6PxoUqLd2cSQuo8c7mOmzJ"
"Takaramonogatari","Mitsukiyo","Blue Archive 4th Anniversary (Original Soundtrack)","DJMAX","Playlist","KRMIM2602073","3XK26lt8Exrn0IyUt12wCF"
"Romantic Seaside - Korean Version","Mitsukiyo","Romantic Seaside (Blue Archive) (Korean Version)","DJMAX","Playlist","KRMIM2573090","59l6UGQvVoshehM5VkdTsp"
"Bunny Bunny Carrot Carrot","Mitsukiyo","Blue Archive 2nd Anniversary (Original Soundtrack)","DJMAX","Playlist","KRMIM2475090","5Emj1sb5QujfB5ohprZoWl"
"Mechanical JUNGLE","KARUT","Blue Archive 1st Anniversary (Original Soundtrack)","DJMAX","Playlist","KRMIM2474673","5MoXYnnOV4r3dOWMvRWLpG"
"OperationD","Nor","Blue Archive 2nd Anniversary (Original Soundtrack)","DJMAX","Playlist","KRMIM2475091","6kr3CwF3zvJwgBdOXaMAHa"
"Love Parade","Mitsukiyo","Love Parade (Blue Archive)","DJMAX","Playlist","KRMIM2542170","4scqYs8C6ERc8SGIeXJFZM"
"Flower, Wind, and You","Mitsukiyo","Flower, Wind, You (Blue Archive)","DJMAX","Playlist","KRMIM2516627","6paRgkIe7XCAkDkEawYtqc"
"Ramune Lagoon","YUC'e","Blue Archive 4th Anniversary (Original Soundtrack)","DJMAX","Playlist","KRMIM2602075","1byOSFvSwTF98T4soVg1fW"
"Encroached Sky","KARUT","Blue Archive 3rd Anniversary (Original Soundtrack)","DJMAX","Playlist","KRMIM2479004","2BOuVW14vzckDgJkVcRWZ7"
"Polyphonic","Nor","Blue Archive 3rd Anniversary (Original Soundtrack)","DJMAX","Playlist","KRMIM2479006","0NE8BBwM0WGzRcTqzBDB4n"
"Oxygen Destroyer","KARUT","Blue Archive 2nd Anniversary (Original Soundtrack)","DJMAX","Playlist","KRMIM2475100","0LNK1gt7AyGc0kvbNonXmK"
"Hell'o","PahNic","V EXTENSION IV (Original Soundtrack)","DJMAX","Playlist","KRMIM2359410","1QHfjSSsuJMSdVGP49RU8w"
"O'men","PahNic","V LIBERTY (Original Soundtrack)","DJMAX","Playlist","KRMIM2442943","6qj1jMxqoDOO5srseEHSxg"
"Byoushinwo Kamu","ZUTOMAYO","Tadashii Itsuwarikarano Kishou","즛토마요","Playlist","JPPO01804003","2B5IKyvmjIHXMwn8SGTPX2"
"Humanoid","ZUTOMAYO","Tadashii Itsuwarikarano Kishou","즛토마요","Playlist","JPPO01805179","10fLXyRxpxoYnE2brKJtRp"
"サターン","ZUTOMAYO","正しい偽りからの起床","즛토마요","Playlist","JPPO01805180","3Vd6MNEn1aLRvddvuNWYw1"
"Uni To Kuri","ZUTOMAYO","Tadashii Itsuwarikarano Kishou","즛토마요","Playlist","JPPO01805181","7sFjzvOxG7Oo4M6lcJhslB"
"Nouriueno Cracker","ZUTOMAYO","Hisohiso Banashi","즛토마요","Playlist","JPPO01805158","19ItMDGvUW3nwlzMd8yeQy"
"君がいて水になる","ZUTOMAYO","正しい偽りからの起床","즛토마요","Playlist","JPPO01805182","3fqBoBlZnFGj0ah0airwQ7"
"Kan Saete Kuyashiiwa","ZUTOMAYO","Imawa Imade Chikaiwa Emide","즛토마요","Playlist","JPPO01901535","3SWW8QeKkozAalmTUheWlr"
"Seigi","ZUTOMAYO","Imawa Imade Chikaiwa Emide","즛토마요","Playlist","JPPO01901735","3qsk3aJREabIH46Sdoi75p"
"またね幻","ZUTOMAYO","今は今で誓いは笑みで","즛토마요","Playlist","JPPO01901846","3FYWuYpw0KUTn1fP523jvx"
"Minority Myakuraku","ZUTOMAYO","Imawa Imade Chikaiwa Emide","즛토마요","Playlist","JPPO01901847","3Cd7FDoYRyf48cD87l2aOW"
"彷徨い酔い温度","ZUTOMAYO","今は今で誓いは笑みで","즛토마요","Playlist","JPPO01901848","4PGTB8V2YpxLDOrVtacgLr"
"眩しいDNAだけ","ZUTOMAYO","眩しいDNAだけ","즛토마요","Playlist","JPPO01900212","1LojHMUAEwkYewkIk9JPWD"
"Inemuri Enseitai","ZUTOMAYO","Hisohiso Banashi","즛토마요","Playlist","JPPO01903828","2I19G4B8vx7mrbK1PjpVq3"
"Haze Haseru Haterumade","ZUTOMAYO","Hisohiso Banashi","즛토마요","Playlist","JPPO01903829","26DKUZmgpkh3XsXAv3EcvC"
"Kettobashita Moufu","ZUTOMAYO","Hisohiso Banashi","즛토마요","Playlist","JPPO01903830","0szCBUYjSY0Kx6gITEbXC7"
"Dear Mr「F」","ZUTOMAYO","潜潜話","즛토마요","Playlist","JPPO01903831","5AQRhpC5hM1usCnJFNM3EW"
"Konnakoto Soudou","ZUTOMAYO","Hisohiso Banashi","즛토마요","Playlist","JPPO01903832","34KFo1IbyQ6dqXQR9wrOud"
"Glass To Rum Raisin","ZUTOMAYO","Hisohiso Banashi","즛토마요","Playlist","JPPO01903833","4peQVHdP2xqr1TOo9gaeFc"
"Yasashiku Last Smile","ZUTOMAYO","Hisohiso Banashi","즛토마요","Playlist","JPPO01903834","7Al3A47dhss5ISJbcEtkK5"
"Fastening","ZUTOMAYO","Hogarakana Hifutote Fufuku","즛토마요","Playlist","JPPO02001850","0LXl0LJrFbQA4ZtJ7VYPjL"
"Obenkyou Shitoiteyo","ZUTOMAYO","Hogarakana Hifutote Fufuku","즛토마요","Playlist","JPPO02001468","5ZvftnPYgURAHlhVzHw4Us"
"Ham","ZUTOMAYO","Hogarakana Hifutote Fufuku","즛토마요","Playlist","JPPO02001851","1DWB1Co5giWFBMyv3u4VjG"
"JK Bomber","ZUTOMAYO","Hogarakana Hifutote Fufuku","즛토마요","Playlist","JPPO02001852","3h7sP5Uy1iF8VWOs78goNi"
"Marine Blue Garden","ZUTOMAYO","Hogarakana Hifutote Fufuku","즛토마요","Playlist","JPPO02001853","2sAUd7rBXbMLIQY7KV12O3"
"Milabo","ZUTOMAYO","Hogarakana Hifutote Fufuku","즛토마요","Playlist","JPPO02001854","3dREO1F40SWjj4rs0TTtd9"
"One's Mind","ZUTOMAYO","Gusare","즛토마요","Playlist","JPPO02100040","6Xa2lIKWD2P72bSuR7tF4y"
"正しくなれない","ZUTOMAYO","ZUTOMAYO's Playlist for U.S.","즛토마요","Playlist","JPPO02003594","4XOs9qS82Wphz3Dnsf8G63"
"Hunch Gray","ZUTOMAYO","Gusare","즛토마요","Playlist","JPPO02003593","0gBom70sQO80qgGAACptjh"
"Have A","ZUTOMAYO","Gusare","즛토마요","Playlist","JPPO02100041","4OPjFek67RCM2h2LOkI20M"
"機械油","ZUTOMAYO","ぐされ","즛토마요","Playlist","JPPO02100042","3jco86p8x2ZJZb0Zemtbcq"
"Darken","ZUTOMAYO","Gusare","즛토마요","Playlist","JPPO02003592","15mJGBtLcTAURQ0XOdDXXy"
"ろんりねす","ZUTOMAYO","ぐされ","즛토마요","Playlist","JPPO02100043","76zBWDh2YUmGantphDwqUs"
"Crop","ZUTOMAYO","Gusare","즛토마요","Playlist","JPPO02100044","1vjPL6aZEdZGtN7RN2qX8C"
"Hypersomnia","ZUTOMAYO","Gusare","즛토마요","Playlist","JPPO02100045","4eUuyx5Ld7wbQl6bj5uxNc"
"奥底に眠るルーツ","ZUTOMAYO","ぐされ","즛토마요","Playlist","JPPO02100046","4M0rktmlJVIcIWUlOtPntQ"
"Flow Different","ZUTOMAYO","Nobi Shigusa Korite Itomagoi","즛토마요","Playlist","JPPO02200053","76XkonqPqBOngM6bbfiOMY"
"袖のキルト","ZUTOMAYO","J-Pop 輕旅行","즛토마요","Playlist","JPPO02200054","5IO52ff5epAbottJ7hiGi2"
"Inside Joke","ZUTOMAYO","Tunes That Stick Vol 18","즛토마요","Playlist","JPPO02101873","4bT9YDb2FjpxVBmYHS7wih"
"猫リセット","ZUTOMAYO","ZUTOMAYO's Playlist for Taiwan Vol.2","즛토마요","Playlist","JPPO02104528","4MKJVcmd7nVF8gtT2z34wB"
"Kisumi at Midnight","ZUTOMAYO","Nobi Shigusa Korite Itomagoi","즛토마요","Playlist","JPPO02200055","47fgnLoZgfkovAJgnLlgFp"
"ばかじゃないのに","ZUTOMAYO","ZUTOMAYO's Playlist for U.S.","즛토마요","Playlist","JPPO02102165","0YmfAKzgmA3hp5XDxWnUOs"
"花一匁","ZUTOMAYO","沈香学","즛토마요","Playlist","JPPO02301433","7xwmx6snj1GphKH9ihzo8e"
"残機","ZUTOMAYO","Anime Hits","즛토마요","Playlist","JPPO02203871","09B93O3GwbQMPPZC6RkvLD"
"Kira Killer","ZUTOMAYO","Power Girl Workout","즛토마요","Playlist","JPPO02204831","6n4trY1LLkP5nBf95V5ZnY"
"馴れ合いサーブ","ZUTOMAYO","沈香学","즛토마요","Playlist","JPPO02301434","2uQj4nOK3L9NtMIToEUMJ0"
"夏枯れ","ZUTOMAYO","沈香学","즛토마요","Playlist","JPPO02203089","2D9YnRZA1cZMfWbrr5RBqu"
"Intrusion","ZUTOMAYO","Jinkougaku","즛토마요","Playlist","JPPO02300963","5p9w1K4zt7oJCcbA7TyQDh"
"消えてしまいそうです","ZUTOMAYO","沈香学","즛토마요","Playlist","JPPO02203088","65k4LHIBkkImqlDj6My8K7"
"ミラーチューン","ZUTOMAYO","沈香学","즛토마요","Playlist","JPPO02201065","6KB2OPefadupVDnVNYq23A"
"Superficial Me","ZUTOMAYO","Jinkougaku","즛토마요","Playlist","JPPO02301435","2FJV46j3oqHbYtiBvyTDnX"
"KOKE","ZUTOMAYO","Koke no ichinen Kaiba ni takusu","즛토마요","Playlist","JPPO02404476","6r3ItZ4cuMuxcolHxNtSm2"
"TAIDADA","ZUTOMAYO","Nostalgic Gacha Songs","즛토마요","Playlist","JPPO02404477","7dFGGldxnLeBaA6ZaLS6Y7"
"KUZURI","ZUTOMAYO","Koke no ichinen Kaiba ni takusu","즛토마요","Playlist","JPPO02404478","4KweyFHHiRpzvkdRgDxIq4"
"海馬成長痛","ZUTOMAYO","海馬成長痛","즛토마요","Playlist","JPPO02403852","1YfXeoQ39zL9IWHOTrL8bg"
"Truth In Lies","ZUTOMAYO","Truth In Lies","즛토마요","Playlist","JPPO02401208","7pfXqlkAjrai8JT6Paeqtp"
"Blues in the Closet","ZUTOMAYO","Blues in the Closet","즛토마요","Playlist","JPPO02401209","4lcupZPn3QWQWQ20C9ZL0M"
"SHADE","ZUTOMAYO","SHADE","즛토마요","Playlist","JPPO02406152","2EiSrQ8WaPgojshzPRKMxY"
"Warmthaholic","ZUTOMAYO","Warmthaholic","즛토마요","Playlist","JPPO02501011","7DpSFg1XfC0NF1otM7oqDT"
"クリームで会いにいけますか","ZUTOMAYO","Daylight Chill Vibes in Tokyo","즛토마요","Playlist","JPPO02501554","5bpumpWz5GMslA0GCU4ANQ"
"Yushinron","ZUTOMAYO","Yushinron","즛토마요","Playlist","JPPO02504144","4I0EvbsEe7EAGxLPM1QcLb"
"This Planet Feels Fake","ZUTOMAYO","KEISOUDO","즛토마요","Playlist","JPPO02600585","41WGNsGs5yKUInFZyj3MXM"
"残機","ZUTOMAYO","沈香学","즛토마요","Playlist","JPPO02203871","2fJbss5uUmmBqn7qFkmyWj"
"メディアノーチェ","ZUTOMAYO","メディアノーチェ","즛토마요","Playlist","JPPO02600041","0da1IJi7awMHj2O4ZzGFWj"
"Kani Shabu Funk","ZUTOMAYO","KEISOUDO","즛토마요","Playlist","JPPO02600589","2JKfLSzOLn88OyoLfq8b4m"
"Pain Give Form","ZUTOMAYO","Pain Give Form","즛토마요","Playlist","JPPO02501793","5i8NWMVWvkYKjYPIeQv9ML"
"ultra soul","ZUTOMAYO","KEISOUDO","즛토마요","Playlist","JPPO02600595","2AlU0ltG2bfCvpuV5vVaGY"
"Learning How Not to Break","ZUTOMAYO","KEISOUDO","즛토마요","Playlist","JPPO02600596","00KhdF8q73GeL0wikGclhl"
"antimony","ZUTOMAYO","KEISOUDO","즛토마요","Playlist","JPPO02600598","3JwzEATET2OmnFvuaswDz7"
"yomosugara","ZUTOMAYO","yomosugara","즛토마요","Playlist","JPPO02600599","3kDghWIadlBGiz5830reKu"
"lowmotion algae","ZUTOMAYO","KEISOUDO","즛토마요","Playlist","JPPO02600602","6D492ntSbATQ0zSehJuV5L"
"夏陰、ピアノを弾く","ヨルシカ","夏草が邪魔をする","요루시카","Playlist","JPA651703788","2PZR7FcWfSTlXr5lQgVZKd"
"カトレア","ヨルシカ","夏草が邪魔をする","요루시카","Playlist","JPA651703789","4AK6TjpIybCTe1QphPXFn9"
"言って。","ヨルシカ","夏草が邪魔をする","요루시카","Playlist","JPA651703790","6z1TvLTR0oOsWSJfDrERmj"
"あの夏に咲け","ヨルシカ","夏草が邪魔をする","요루시카","Playlist","JPA651703791","4Z8WSP6i30vg05WTDyvw0X"
"飛行","ヨルシカ","夏草が邪魔をする","요루시카","Playlist","JPA651703792","2BKnDjJA2uystZA6TciFVE"
"靴の花火","ヨルシカ","夏草が邪魔をする","요루시카","Playlist","JPA651703793","5mOOwyOGev9frlXm5NDEQy"
"雲と幽霊","ヨルシカ","夏草が邪魔をする","요루시카","Playlist","JPA651703794","469v6OYBSwcdGRTTvj37ps"
"前世","ヨルシカ","負け犬にアンコールはいらない","요루시카","Playlist","JPA651804018","5JjN98gJbp8qwYCX3cb0CE"
"負け犬にアンコールはいらない","ヨルシカ","負け犬にアンコールはいらない","요루시카","Playlist","JPA651804019","1fooGB6yJLKiOk8jW3thn6"
"爆弾魔","ヨルシカ","負け犬にアンコールはいらない","요루시카","Playlist","JPA651804020","2L9dBaAmQ5qydXHSz8bN96"
"ヒッチコック","ヨルシカ","負け犬にアンコールはいらない","요루시카","Playlist","JPA651804021","153lRbNmhQZVi69kbhmjY8"
"落下","ヨルシカ","負け犬にアンコールはいらない","요루시카","Playlist","JPA651804022","6hsZkg5ssSa2S8DHV9XJqd"
"準透明少年","ヨルシカ","負け犬にアンコールはいらない","요루시카","Playlist","JPA651804023","7nj9JW6QQrholNi2R2lffN"
"ただ君に晴れ","ヨルシカ","負け犬にアンコールはいらない","요루시카","Playlist","JPA651804024","3wJHCry960drNlAUGrJLmz"
"冬眠","ヨルシカ","負け犬にアンコールはいらない","요루시카","Playlist","JPA651804025","28QP3jpaBPGgKKH4x3y5Dg"
"夏、バス停、君を待つ","ヨルシカ","負け犬にアンコールはいらない","요루시카","Playlist","JPA651804026","2JpShP9hy9ZsuHTAG64EH2"
"8/31","ヨルシカ","だから僕は音楽を辞めた","요루시카","Playlist","JPA651904573","6nrImcv9m7yG4DbAxE5j8S"
"藍二乗","ヨルシカ","だから僕は音楽を辞めた","요루시카","Playlist","JPA651804340","6BV77pE4JyUQUtaqnXeKa5"
"八月、某、月明かり","ヨルシカ","だから僕は音楽を辞めた","요루시카","Playlist","JPA651904574","2dZP7UEXGIvn1HXgfWFA3Z"
"詩書きとコーヒー","ヨルシカ","だから僕は音楽を辞めた","요루시카","Playlist","JPA651904575","296hhXjbt43FQe30TvlZTE"
"7/13","ヨルシカ","だから僕は音楽を辞めた","요루시카","Playlist","JPA651904576","6N5JFGXQsrIfkQBbhg2EO7"
"踊ろうぜ","ヨルシカ","だから僕は音楽を辞めた","요루시카","Playlist","JPA651904577","1yISTmavzT0lQ1o0VZZK6M"
"六月は雨上がりの街を書く","ヨルシカ","だから僕は音楽を辞めた","요루시카","Playlist","JPA651904578","7q0rpYkJLqXduCHgMXE5oA"
"五月は花緑青の窓辺から","ヨルシカ","だから僕は音楽を辞めた","요루시카","Playlist","JPA651904579","26GW1dAtZ9Ya1GB7bbB9aO"
"夜紛い","ヨルシカ","だから僕は音楽を辞めた","요루시카","Playlist","JPA651904580","0oP2Xuft7MjxRZrSCTwyr6"
"5/6","ヨルシカ","だから僕は音楽を辞めた","요루시카","Playlist","JPA651904581","1IIbKQS90UuYyMUuVsG8zS"
"パレード","ヨルシカ","だから僕は音楽を辞めた","요루시카","Playlist","JPA651904582","2SdXNiI9ny1WunIx4A7Bjg"
"エルマ","ヨルシカ","だから僕は音楽を辞めた","요루시카","Playlist","JPA651904583","5YCwibP7MrreKevBdimMZU"
"4/10","ヨルシカ","だから僕は音楽を辞めた","요루시카","Playlist","JPA651904584","6KFOG2TFDyh4GFzVdeJaBY"
"だから僕は音楽を辞めた","ヨルシカ","だから僕は音楽を辞めた","요루시카","Playlist","JPA651904585","5j7ixaLeGTGSv4DzKs0pCM"
"車窓","ヨルシカ","エルマ","요루시카","Playlist","JPPO01902971","6Z6dzWu4OyvIrEdDwaUXUm"
"憂一乗","ヨルシカ","エルマ","요루시카","Playlist","JPPO01902972","0yVovOZGZtBXoZQr5gakeb"
"夕凪、某、花惑い","ヨルシカ","エルマ","요루시카","Playlist","JPPO01902973","3gY1UX6zV7IQAKcBgi2gcm"
"雨とカプチーノ","ヨルシカ","雨とカプチーノ","요루시카","Playlist","JPPO01902974","7lRCvofuqk5YZinCcxiYXK"
"湖の街","ヨルシカ","エルマ","요루시카","Playlist","JPPO01902975","5WcMvxjo8J4Lzp8GnQR1Gm"
"神様のダンス","ヨルシカ","エルマ","요루시카","Playlist","JPPO01902976","01mOJXQ2RVOODY6SFIXPKA"
"雨晴るる","ヨルシカ","Daylight Chill Vibes in Tokyo","요루시카","Playlist","JPPO01902977","28ejHNG1qQBwNi0bWQHQfI"
"歩く","ヨルシカ","エルマ","요루시카","Playlist","JPPO01902978","6svbcQPHZFH58Tjr14NzT2"
"心に穴が空いた","ヨルシカ","エルマ","요루시카","Playlist","JPPO01902577","0fFPF89LHrD2ziMbeLSxXy"
"森の教会","ヨルシカ","エルマ","요루시카","Playlist","JPPO01902979","3x5xoVNp8DDYjKKo13OFTV"
"声","ヨルシカ","エルマ","요루시카","Playlist","JPPO01902980","3GeXeP5GWHjTO5PXzl9dN0"
"エイミー","ヨルシカ","エルマ","요루시카","Playlist","JPPO01902981","2QIefK7s0YYQI0hXlrSWLc"
"海底、月明かり","ヨルシカ","エルマ","요루시카","Playlist","JPPO01902982","56xDh58H5z7NPMlgXkTQA3"
"ノーチラス","ヨルシカ","エルマ","요루시카","Playlist","JPPO01902983","6B8gUB7PhCUDbCO0OiesrB"
"Make-up Shadow","ヨルシカ","井上陽水トリビュート","요루시카","Playlist","JPPO01904456","0ddW75PWqkWQxDOtKLmoQC"
"音楽泥棒の自白","ヨルシカ","盗作","요루시카","Playlist","JPPO02001729","6nLZy0j7qHm88glCrmJXU4"
"昼鳶","ヨルシカ","盗作","요루시카","Playlist","JPPO02001730","4MEr1Y8pLCtZ4gW5MriwB9"
"春ひさぎ","ヨルシカ","春ひさぎ","요루시카","Playlist","JPPO02001467","3opvzEeKvkWEKi0TV2ePbC"
"爆弾魔 - Re-Recording","ヨルシカ","盗作","요루시카","Playlist","JPPO02001731","4wufVE3ELYSfNRBIjvSi5D"
"青年期、空き巣","ヨルシカ","盗作","요루시카","Playlist","JPPO02001732","3YkfVM4lIT6kJHgiiHg00A"
"レプリカント","ヨルシカ","盗作","요루시카","Playlist","JPPO02001733","4QJndoYmN9io3P7l3dAGyt"
"思想犯","ヨルシカ","盗作","요루시카","Playlist","JPPO02001698","5o3LSzu8xCMDpbAwm4dZ46"
"花人局","ヨルシカ","盗作","요루시카","Playlist","JPPO02001734","5nvA0EX0Itao5I6t89A7X2"
"朱夏期、音楽泥棒","ヨルシカ","盗作","요루시카","Playlist","JPPO02001735","4iStC23BqfDS3TKZsKR5Ep"
"盗作","ヨルシカ","盗作","요루시카","Playlist","JPPO02001736","0k0zcBRE3StKssNhEF86rW"
"逃亡","ヨルシカ","盗作","요루시카","Playlist","JPPO02001737","444TdAemfLOz77t9dlCeAa"
"幼年期、思い出の中","ヨルシカ","盗作","요루시카","Playlist","JPPO02001738","7fgFJx02miHDqWFdvpC95M"
"夜行","ヨルシカ","夜行","요루시카","Playlist","JPPO02000003","1sPu1euMR0UlTMFFWHh4wB"
"花に亡霊","ヨルシカ","Anime Hits","요루시카","Playlist","JPPO02001032","5kI8XD4lrotjJWHj6APboB"
"強盗と花束","ヨルシカ","創作","요루시카","Playlist","JPPO02004290","0mgABgKDsaSGnTOLcjlHWd"
"Spring Thief","ヨルシカ","Tunes That Stick Vol 18","요루시카","Playlist","JPPO02004291","2jML0qsWomEa82Rmjq19P8"
"創作","ヨルシカ","創作","요루시카","Playlist","JPPO02004292","1GURqvJ665JtnUp4UmFFm4"
"風を食む","ヨルシカ","風を食む","요루시카","Playlist","JPPO02002997","68OYaxreTGmAuD9cAztr2p"
"嘘月","ヨルシカ","Tokyo Moon","요루시카","Playlist","JPPO02001548","3yC6LsC5ea8TPGKqtl0oTT"
"テレパス","ヨルシカ","HARAJUKU BUZZ TRACKS - Anime Lovers -","요루시카","Playlist","JPPO02205009","2UbwEA43H9kDB74z2vwGyp"
"夏の肖像","ヨルシカ","幻燈","요루시카","Playlist","JPPO02300695","3sSDUvc0CJgUAZaSndH5vN"
"雪国","ヨルシカ","幻燈","요루시카","Playlist","JPPO02300697","0TMRobKDRZmWVeHVRrik1k"
"月に吠える","ヨルシカ","幻燈","요루시카","Playlist","JPPO02103314","5GWIE5PNbwNdqXr5b79p6V"
"451","ヨルシカ","幻燈","요루시카","Playlist","JPPO02300501","6WgLRnw7Iy7VTvRqNFQPA8"
"パドドゥ","ヨルシカ","幻燈","요루시카","Playlist","JPPO02300698","5ZBzdTOno8sKS9eW3wpYnw"
"又三郎","ヨルシカ","幻燈","요루시카","Playlist","JPPO02101475","5WaZtrNloyJpX2w5fwYYEL"
"靴の花火 - Re-Recording","ヨルシカ","幻燈","요루시카","Playlist","JPPO02300699","4lSeleVXbI78Do2KzmqJpv"
"老人と海","ヨルシカ","幻燈","요루시카","Playlist","JPPO02102558","5MItzr2nCCkQVzfv48VGmn"
"さよならモルテン","ヨルシカ","幻燈","요루시카","Playlist","JPPO02300700","0zatqkcL3nd9RGJDeJ5QJ7"
"いさな","ヨルシカ","幻燈","요루시카","Playlist","JPPO02300701","48R50Xw3cRyUq9pnfjcOk8"
"左右盲","ヨルシカ","左右盲","요루시카","Playlist","JPPO02202188","797EOD68bmVFiyalgBGeOZ"
"第一夜","ヨルシカ","幻燈","요루시카","Playlist","JPPO02300702","77lx5eryFoUIzzXTbVV7gG"
"第二夜","ヨルシカ","幻燈","요루시카","Playlist","JPPO02300703","4tfQ4KRxWATboZ4injhGe0"
"第三夜","ヨルシカ","幻燈","요루시카","Playlist","JPPO02300704","6SaDWNFF2tsZduR2IkcYQS"
"第四夜","ヨルシカ","幻燈","요루시카","Playlist","JPPO02300705","4A3gteygLhLyXoVEcscnHB"
"第五夜","ヨルシカ","幻燈","요루시카","Playlist","JPPO02300706","2UdPKfB8jLTbhVIHeXLVoa"
"第六夜","ヨルシカ","幻燈","요루시카","Playlist","JPPO02300707","7yvjLfalt7mf1nNgmmbevg"
"第七夜","ヨルシカ","幻燈","요루시카","Playlist","JPPO02300708","652Rixc9QxERXHvKNMnAqw"
"第八夜","ヨルシカ","幻燈","요루시카","Playlist","JPPO02300709","29BOvkay43BTjAYBhl3HpQ"
"第九夜","ヨルシカ","幻燈","요루시카","Playlist","JPPO02300710","1v14d2gypPphUC2XFuT6EX"
"第十夜","ヨルシカ","幻燈","요루시카","Playlist","JPPO02300711","1s5kG4drr5xaHsS7YtAtuZ"
"斜陽","ヨルシカ","HARAJUKU BUZZ TRACKS - Anime Lovers -","요루시카","Playlist","JPPO02301095","2Yg3P1b0S9v0Vs3flw1hm0"
"憂、燦々","ヨルシカ","憂、燦々","요루시카","Playlist","JPPO02404004","65npSVkyhQVDDqOsbOW0Aa"
"DARMA GRAND PRIX","ヨルシカ","DARMA GRAND PRIX","요루시카","Playlist","JPPO02504063","3ObSLLg2RNv3vhL2fIB5EK"
"茜","ヨルシカ","茜","요루시카","Playlist","JPPO02504722","2TSJ1d6cLgHqrrCIRN3bn2"
"早朝、郵便受け","ヨルシカ","二人称","요루시카","Playlist","JPPO02600138","5c1KeZ3ZqlA8zxzouN21p5"
"雲になる","ヨルシカ","二人称","요루시카","Playlist","JPPO02600143","2PlVDpeo6SzC6s7Y8fNG8Y"
"花も騒めく","ヨルシカ","二人称","요루시카","Playlist","JPPO02600147","5IqdmPAkcUVKrKgShlBKRR"
"千鳥","ヨルシカ","二人称","요루시카","Playlist","JPPO02600145","61uep4aDBpNnnFGfm6yzUF"
"魔性","ヨルシカ","二人称","요루시카","Playlist","JPPO02600148","3fHEu6oWkIQKl6llskFvSQ"
"プレイシック","ヨルシカ","プレイシック","요루시카","Playlist","JPPO02504413","4HWJSaMneOtNkFOrD1LU0c"
"ポスト春","ヨルシカ","二人称","요루시카","Playlist","JPPO02600149","5A82kTVYFGf6nVXlqpcJxp"
"太陽","ヨルシカ","太陽","요루시카","Playlist","JPPO02405010","1JNQLqxqvwHDekTfOhs4wu"
"晴る","ヨルシカ","HARAJUKU BUZZ TRACKS - Anime Lovers -","요루시카","Playlist","JPPO02304150","2dkQcaZZyX8FDmpLKT9HNX"
"忘れてください","ヨルシカ","忘れてください","요루시카","Playlist","JPPO02403065","7raKnLKyQSatDiVVpiZDds"
"修羅","ヨルシカ","TOKYO VIRAL HITS 2025","요루시카","Playlist","JPPO02502207","43IzeKSCuXxdPi2dMH16rI"
"火星人","ヨルシカ","TOKYO VIRAL HITS 2025","요루시카","Playlist","JPPO02500982","5zZbpOTSYsFHJxEX1Ysdrd"
"ルバート","ヨルシカ","ルバート","요루시카","Playlist","JPPO02400612","1w3837OMA0xxpFqqMtL7B5"
"火葬","ヨルシカ","二人称","요루시카","Playlist","JPPO02600140","43ziakCPpRW78eUVEjH6ef"
"アポリア","ヨルシカ","HARAJUKU BUZZ TRACKS - Anime Lovers -","요루시카","Playlist","JPPO02404516","5TfF8SSzjRT8JXL2M9H33B"
"へび","ヨルシカ","HARAJUKU BUZZ TRACKS - Anime Lovers -","요루시카","Playlist","JPPO02405696","0Dr7CohGLCv6R2D9o97UJe"
"うめき","ヨルシカ","二人称","요루시카","Playlist","JPPO02600139","5KJNBojaUGEfEEdqQ5InQS"
"啄木鳥","ヨルシカ","二人称","요루시카","Playlist","JPPO02600142","7y6HOcbQ80bsOsq1GahaVP"
"ヒッチコック - Re-Recording","ヨルシカ","二人称","요루시카","Playlist","JPPO02600141","1kaGaPZjsbA0y3CFjqroAc"
"月光浴","ヨルシカ","月光浴","요루시카","Playlist","JPPO02302380","6HyPxNFn7WcIIGVIPejiB1"
"櫂","ヨルシカ","二人称","요루시카","Playlist","JPPO02600144","3BDbMUKrhxvl3PzKBfScoX"
"海へ","ヨルシカ","二人称","요루시카","Playlist","JPPO02600146","71lOKrJl5ZEXbJAPtGlieQ"
"あぶく","ヨルシカ","あぶく","요루시카","Playlist","JPPO02601177","59h6J25QnnT8xshPTFLkpe"
"Hymn of the Birds","Nerd Connection","Hymn of the Birds","너드커넥션","Playlist","KRZ291820537","0A72P9RIKkzzkmlSen8G1n"
"대나무숲","Nerd Connection","대나무숲","너드커넥션","Playlist","KRMIM1903857","07yp5YDZU6Zch6cJrXs6wo"
"Waterfall","Nerd Connection","TOO FAST","너드커넥션","Playlist","KRMIM1919311","1PiiizMHD5nkVIix7Gdekr"
"Marion","Nerd Connection","TOO FAST","너드커넥션","Playlist","KRMIM1919312","7pjCYwZ3ERnmMXwJy8jB2Z"
"V","Nerd Connection","TOO FAST","너드커넥션","Playlist","KRMIM1919313","6JN0khhntFsQJ7jVfDdywY"
"Interlude","Nerd Connection","TOO FAST","너드커넥션","Playlist","KRMIM1919314","20SiVkVTmLJxUkBBG07sII"
"Castel","Nerd Connection","TOO FAST","너드커넥션","Playlist","KRMIM1919315","6mZyN8zz6hIHnrjM5otVI4"
"Where are we","Nerd Connection","TOO FAST","너드커넥션","Playlist","KRMIM1919316","6kZ9qrnp9Id6wHkyH1muMn"
"‎Good Night Good Dream","Nerd Connection","‎Good Night Good Dream","너드커넥션","Playlist","KRMIM2004811","3s761CQaziQ0GEN1yUkIsG"
"Back in Time","Nerd Connection","Back in Time","너드커넥션","Playlist","USA2P2038027","2pGhPIV1OSHbNxSw0pGNOw"
"Time Falling","Nerd Connection","Time Falling","너드커넥션","Playlist","KRMIM2100398","26G8WqtVv2Yx0aDAshCYAx"
"걸어갈래요","Nerd Connection","걸어갈래요","너드커넥션","Playlist","KRMIM2107163","3e6V7K9v4RBpO8WKJ14Cbe"
"Nan","Nerd Connection","Nan","너드커넥션","Playlist","KRB472100913","2VWOdpAeKTbhls7Ncibbr2"
"21st Century Kingdom","Nerd Connection","New Century Masterpiece Cinema","너드커넥션","Playlist","KRB472102071","31E2IFjCOPtBa2NUUW2vWz"
"Hollywood Movie Star","Nerd Connection","New Century Masterpiece Cinema","너드커넥션","Playlist","KRB472102072","0rNFteW7h6OPmcbgObIOVr"
"29","Nerd Connection","New Century Masterpiece Cinema","너드커넥션","Playlist","KRB472102073","0c9cXXQGM6KFwl6wC0t9hI"
"Behind the Trees","Nerd Connection","New Century Masterpiece Cinema","너드커넥션","Playlist","KRB472102074","0uAhCZulJ52Rg8FV6JbrE2"
"SUPERNOVA!","Nerd Connection","New Century Masterpiece Cinema","너드커넥션","Playlist","KRB472102075","11MePXddwefEqVWuCOgwsc"
"Star Communications","Nerd Connection","New Century Masterpiece Cinema","너드커넥션","Playlist","KRB472102076","3OWQ0o1lmuXVenuJTnojjn"
"Will We Be a Melody","Nerd Connection","New Century Masterpiece Cinema","너드커넥션","Playlist","KRB472102077","5D4ZBKq21jlQW1HUIsg5UZ"
"Snowman in a Bathtub","Nerd Connection","New Century Masterpiece Cinema","너드커넥션","Playlist","KRB472102078","0JiAoA1xZfbVR9bImdIqwG"
"Green Fields","Nerd Connection","New Century Masterpiece Cinema","너드커넥션","Playlist","KRB472102079","3RMMW2vqV2dl3RqTCWk6QN"
"Odds","Nerd Connection","New Century Masterpiece Cinema","너드커넥션","Playlist","KRB472102080","08hh16CClmaqteTqu5VkiA"
"Life Dancing","Nerd Connection","New Century Masterpiece Cinema","너드커넥션","Playlist","KRMIM2130748","5ePFwSr9p9uKc4pjdQUGvH"
"Silently Completely Eternally","Nerd Connection","New Century Masterpiece Cinema","너드커넥션","Playlist","KRB472102081","2i3HoDE1ZvQ2bh2ZmgpSug"
"Beodeul-gil","Nerd Connection","Beodeul-gil","너드커넥션","Playlist","KRMIM2221180","21wpi5GG1LVmKSeZUphXCr"
"Pablo","Nerd Connection","Pablo","너드커넥션","Playlist","KRB472201537","0M01clwlcQ5wmhF3MT5lbt"
"That′s also our love","Nerd Connection","That′s also our love","너드커넥션","Playlist","KRB472202477","20CKqiWnA3BImjgUih3int"
"If I have you only (My love X Nerd Connection)","Nerd Connection","If I have you only (My love X Nerd Connection)","너드커넥션","Playlist","KRA382320028","3TQHPUEVdvdq8ejwEcHUlL"
"Planet Earth","Nerd Connection","Hard To Explain","너드커넥션","Playlist","KRA382320648","1uHbhD0rmB7n0BFCuxmJum"
"Stand Up","Nerd Connection","Hard To Explain","너드커넥션","Playlist","KRA382320649","4FlqPERN6mk193kRjdSqt8"
"Hi, Drunk!","Nerd Connection","Hard To Explain","너드커넥션","Playlist","KRA382320650","4scN2IsNjjoGDAM5t17gUC"
"I Robbed a Bank (Remastered ver.)","Nerd Connection","Hard To Explain","너드커넥션","Playlist","KRA382320651","2SbmHHKn4eo5GgHSUHcsjV"
"Been This Way","Nerd Connection","Hard To Explain","너드커넥션","Playlist","KRA382320652","4fxC5QcJ5kwft92t5uKzkp"
"Playing Shadow","Nerd Connection","And yet, We still","너드커넥션","Playlist","KRA382404833","2s5XgwqtwgjFZWdNB9Q7fr"
"Psychiatric Hospital","Nerd Connection","And yet, We still","너드커넥션","Playlist","KRA382404834","06GxghzdCyjGwu5OwnVkpf"
"headshrinker","Nerd Connection","And yet, We still","너드커넥션","Playlist","KRA382404835","0bnNi0UECxMtoC4dwKyt7k"
"CASH","Nerd Connection","And yet, We still","너드커넥션","Playlist","KRA382404836","3k2iGbGDCAL0Sr3SveHIos"
"Losing Myself","Nerd Connection","Losing Myself","너드커넥션","Playlist","KRA382403885","37jgMVaU64Sv2gqtwOsdvl"
"Forever Only","Nerd Connection","And yet, We still","너드커넥션","Playlist","KRA382404837","6NComlS3eAJ3JIvcODbjkM"
"You","Nerd Connection","And yet, We still","너드커넥션","Playlist","KRA382404838","3ZaJ7gSdt43D5wBuKlpQXr"
"Hold on Tight","Nerd Connection","And yet, We still","너드커넥션","Playlist","KRA382404839","695GIpOZUXH85ZFnzfmGHj"
"She","Nerd Connection","And yet, We still","너드커넥션","Playlist","KRA382404840","7fONw04kvumFWNRhIB3NnJ"
"Freddy","Nerd Connection","And yet, We still","너드커넥션","Playlist","KRA382404841","4NCukrisJy9l4ZMDEkBnn2"
"Clown","Nerd Connection","And yet, We still","너드커넥션","Playlist","KRA382404842","3d4wbjXCPq9wzCaIKjMgvA"
"The Highest Tie","Nerd Connection","And yet, We still","너드커넥션","Playlist","KRA382404843","3yBBhn9tmrgWqPj6EyL06o"
"Good Luck","Nerd Connection","And yet, We still","너드커넥션","Playlist","KRA382404844","5mwrJYsvi7RTQ2silZwvZs"
"Just 4 Shots (Bonus Track)","Nerd Connection","And yet, We still","너드커넥션","Playlist","KRA382404845","1MKd6M2uWQFuzpMTjxfcSv"
"Cliché","Nerd Connection","Cliché","너드커넥션","Playlist","KRA382506678","4ozNmVoyTVIiXQBjN2xDVC"